-- MySQL dump 10.13  Distrib 8.0.15, for Win64 (x86_64)
--
-- Host: localhost    Database: u524093236_proje
-- ------------------------------------------------------
-- Server version	8.0.15

/*!40101 SET @OLD_CHARACTER_SET_CLIENT=@@CHARACTER_SET_CLIENT */;
/*!40101 SET @OLD_CHARACTER_SET_RESULTS=@@CHARACTER_SET_RESULTS */;
/*!40101 SET @OLD_COLLATION_CONNECTION=@@COLLATION_CONNECTION */;
 SET NAMES utf8mb4 ;
/*!40103 SET @OLD_TIME_ZONE=@@TIME_ZONE */;
/*!40103 SET TIME_ZONE='+00:00' */;
/*!40014 SET @OLD_UNIQUE_CHECKS=@@UNIQUE_CHECKS, UNIQUE_CHECKS=0 */;
/*!40014 SET @OLD_FOREIGN_KEY_CHECKS=@@FOREIGN_KEY_CHECKS, FOREIGN_KEY_CHECKS=0 */;
/*!40101 SET @OLD_SQL_MODE=@@SQL_MODE, SQL_MODE='NO_AUTO_VALUE_ON_ZERO' */;
/*!40111 SET @OLD_SQL_NOTES=@@SQL_NOTES, SQL_NOTES=0 */;
DROP DATABASE IF EXISTS `vendacar`;
CREATE DATABASE IF NOT EXISTS `vendacar` /*!40100 DEFAULT CHARACTER SET utf8 */;
USE `vendacar`;
--
-- Table structure for table `acessorio`
--

DROP TABLE IF EXISTS `acessorio`;
/*!40101 SET @saved_cs_client     = @@character_set_client */;
 SET character_set_client = utf8mb4 ;
CREATE TABLE `acessorio` (
  `id` int(11) NOT NULL AUTO_INCREMENT,
  `descricaoAcessorio` varchar(35) NOT NULL,
  `tipoAcessorio` tinyint(1) NOT NULL,
  `valorAcessorio` float(11,2) DEFAULT NULL,
  PRIMARY KEY (`id`)
) ENGINE=InnoDB AUTO_INCREMENT=33 DEFAULT CHARSET=utf8;
/*!40101 SET character_set_client = @saved_cs_client */;

--
-- Dumping data for table `acessorio`
--

LOCK TABLES `acessorio` WRITE;
/*!40000 ALTER TABLE `acessorio` DISABLE KEYS */;
INSERT INTO `acessorio` VALUES (1,'Direção hidráulica',1,1000.00),(2,'Ar Quente',1,500.00),(3,'Travas elétricas',1,350.00),(4,'Airbag',1,1250.00),(5,'Alarme',2,900.00),(6,'Computador de bordo',2,1300.00),(7,'Teto solar',2,750.00),(8,'Direção elétrica',2,1500.00),(9,'Freio ABS',2,2000.00),(10,'Ar condicionado',2,1200.00),(11,'Desembaçador traseiro',2,190.00),(12,'Rodas de liga leve',2,1900.00),(13,'Vidros elétricos',2,450.00),(15,'Limpador traseiro',2,200.00),(16,'Banco com regulagem de Altura',2,800.00),(17,'Limpador traseiro',2,200.00),(18,'Volante com regulagem de altura',2,1100.00),(19,'GPS',2,700.00),(20,'Sensor de estacionamento',2,1600.00),(21,'Controle de tração',2,2050.00),(22,'Bancos dianteiros com aquecimento',2,1400.00),(23,'Sensor de chuva',2,450.00),(24,'Rádio CD e MP3 Player',2,300.00),(25,'Retrovisores elétricos',2,550.00),(26,'Tração 4x4',2,2100.00),(27,'Controle automático de velocidade',2,1700.00),(28,'Bancos em couro',2,850.00),(29,'Camera de Ré',2,1150.00),(30,'Farol de neblina',2,120.00);
/*!40000 ALTER TABLE `acessorio` ENABLE KEYS */;
UNLOCK TABLES;

--
-- Table structure for table `ci_sessions`
--

DROP TABLE IF EXISTS `ci_sessions`;
/*!40101 SET @saved_cs_client     = @@character_set_client */;
 SET character_set_client = utf8mb4 ;
CREATE TABLE `ci_sessions` (
  `id` varchar(128) NOT NULL,
  `ip_address` varchar(45) NOT NULL,
  `TIMESTAMP` int(10) unsigned NOT NULL DEFAULT '0',
  `DATA` blob NOT NULL,
  KEY `ci_sessions_timestamp` (`TIMESTAMP`)
) ENGINE=InnoDB DEFAULT CHARSET=utf8;
/*!40101 SET character_set_client = @saved_cs_client */;

--
-- Dumping data for table `ci_sessions`
--

LOCK TABLES `ci_sessions` WRITE;
/*!40000 ALTER TABLE `ci_sessions` DISABLE KEYS */;
INSERT INTO `ci_sessions` VALUES ('bf43a5ja5vo7bcb9gvmr7fhjlrmvsfq0','127.0.0.1',1561523539,_binary '__ci_last_regenerate|i:1561523539;idUsuario|s:1:\"2\";email|s:35:\"paulodir.oliveira@aluno.sc.senac.br\";logado|b:1;'),('6jv3sm3al03b61g57ntn2im7o664im4l','127.0.0.1',1561522659,_binary '__ci_last_regenerate|i:1561522659;idUsuario|s:1:\"2\";email|s:35:\"paulodir.oliveira@aluno.sc.senac.br\";logado|b:1;'),('v80kcl635n1dde13bcsg8phjl57s1k52','127.0.0.1',1561523408,_binary '__ci_last_regenerate|i:1561523408;idUsuario|s:1:\"2\";email|s:35:\"paulodir.oliveira@aluno.sc.senac.br\";logado|b:1;'),('8t0ncup7csmh5aq0ejh1ook12fv44fp1','127.0.0.1',1561523984,_binary '__ci_last_regenerate|i:1561523984;idUsuario|s:1:\"2\";email|s:35:\"paulodir.oliveira@aluno.sc.senac.br\";logado|b:1;'),('l8ahhnpvvfh6dup9r13euonv4q3518l8','127.0.0.1',1561523850,_binary '__ci_last_regenerate|i:1561523850;idUsuario|s:1:\"2\";email|s:35:\"paulodir.oliveira@aluno.sc.senac.br\";logado|b:1;'),('la7c4kl835gjnm0b8149rvr5obns1477','127.0.0.1',1561524191,_binary '__ci_last_regenerate|i:1561524191;idUsuario|s:1:\"2\";email|s:35:\"paulodir.oliveira@aluno.sc.senac.br\";logado|b:1;'),('n0k12sp5rgc2mekggorrvjcs26dnckbs','127.0.0.1',1561524286,_binary '__ci_last_regenerate|i:1561524286;idUsuario|s:1:\"2\";email|s:35:\"paulodir.oliveira@aluno.sc.senac.br\";logado|b:1;'),('7ka8oimdvabj2g334mh59qodqf5qbtpf','127.0.0.1',1561524643,_binary '__ci_last_regenerate|i:1561524643;idUsuario|s:1:\"2\";email|s:35:\"paulodir.oliveira@aluno.sc.senac.br\";logado|b:1;'),('adlf0e3ce9auf9upvukagk440jjb230o','127.0.0.1',1561524610,_binary '__ci_last_regenerate|i:1561524610;idUsuario|s:1:\"2\";email|s:35:\"paulodir.oliveira@aluno.sc.senac.br\";logado|b:1;'),('4ssar8pe19dbqt3389p5do858dmn3jr9','127.0.0.1',1561525510,_binary '__ci_last_regenerate|i:1561525510;idUsuario|s:1:\"2\";email|s:35:\"paulodir.oliveira@aluno.sc.senac.br\";logado|b:1;'),('el8gkgfnoje9qs0jp5qvdc25enlvk9f1','127.0.0.1',1561525206,_binary '__ci_last_regenerate|i:1561525206;idUsuario|s:1:\"2\";email|s:35:\"paulodir.oliveira@aluno.sc.senac.br\";logado|b:1;'),('dhiolb35jpr5stjsed00k93q8ceu289k','127.0.0.1',1561525691,_binary '__ci_last_regenerate|i:1561525691;idUsuario|s:1:\"2\";email|s:35:\"paulodir.oliveira@aluno.sc.senac.br\";logado|b:1;'),('oqsvk51p3ogi0qg851pnptkshehar0ed','127.0.0.1',1561527809,_binary '__ci_last_regenerate|i:1561527809;idUsuario|s:1:\"2\";email|s:35:\"paulodir.oliveira@aluno.sc.senac.br\";logado|b:1;'),('g0l3ejq70ag8i56rojqbgiirf7p8u4hg','127.0.0.1',1561526614,_binary '__ci_last_regenerate|i:1561526614;idUsuario|s:1:\"2\";email|s:35:\"paulodir.oliveira@aluno.sc.senac.br\";logado|b:1;'),('29g1045joid5q94qj2lumfeajcd8mtbc','127.0.0.1',1561527358,_binary '__ci_last_regenerate|i:1561527358;idUsuario|s:1:\"2\";email|s:35:\"paulodir.oliveira@aluno.sc.senac.br\";logado|b:1;'),('mf90spefge936v01cb2v9ibjnq7t7i6a','127.0.0.1',1561527694,_binary '__ci_last_regenerate|i:1561527694;idUsuario|s:1:\"2\";email|s:35:\"paulodir.oliveira@aluno.sc.senac.br\";logado|b:1;'),('bhus9vvi89v7lkoomp10nasdkq1eflql','127.0.0.1',1561528003,_binary '__ci_last_regenerate|i:1561528003;idUsuario|s:1:\"2\";email|s:35:\"paulodir.oliveira@aluno.sc.senac.br\";logado|b:1;'),('n04ei24qtnhl430463na31mvbsm00llj','127.0.0.1',1561528399,_binary '__ci_last_regenerate|i:1561528399;idUsuario|s:1:\"2\";email|s:35:\"paulodir.oliveira@aluno.sc.senac.br\";logado|b:1;'),('lpjtdtd1b15k3ltbt8igt34og2h7e9vk','127.0.0.1',1561528590,_binary '__ci_last_regenerate|i:1561528590;idUsuario|s:1:\"2\";email|s:35:\"paulodir.oliveira@aluno.sc.senac.br\";logado|b:1;'),('06prri2p6bt20jukbs5h79ftaqio617d','127.0.0.1',1561528899,_binary '__ci_last_regenerate|i:1561528899;idUsuario|s:1:\"2\";email|s:35:\"paulodir.oliveira@aluno.sc.senac.br\";logado|b:1;'),('gj50kv9g2bgq0iqrgjhj5il6k4h64ec2','127.0.0.1',1561529337,_binary '__ci_last_regenerate|i:1561529337;idUsuario|s:1:\"2\";email|s:35:\"paulodir.oliveira@aluno.sc.senac.br\";logado|b:1;'),('bkver257sr4ddqgj50hfn5jtvjlcqno7','127.0.0.1',1561531675,_binary '__ci_last_regenerate|i:1561531675;'),('sh1uf3oobo26pjl3k5qv2gri0mjck2f6','127.0.0.1',1561529733,_binary '__ci_last_regenerate|i:1561529733;idUsuario|s:1:\"2\";email|s:35:\"paulodir.oliveira@aluno.sc.senac.br\";logado|b:1;retorno|s:109:\"<div class=\"alert alert-success\"><i class=\"fas fa-check-double\"></i> Nota Fiscal Cancelada com Sucesso!</div>\";__ci_vars|a:1:{s:7:\"retorno\";s:3:\"old\";}'),('br5do30tqbl6tjviqa0lpplqd1nnqsh8','127.0.0.1',1561530048,_binary '__ci_last_regenerate|i:1561530048;idUsuario|s:1:\"2\";email|s:35:\"paulodir.oliveira@aluno.sc.senac.br\";logado|b:1;'),('02to13cpdnb8dpvo2721jjvku0i70van','127.0.0.1',1561530370,_binary '__ci_last_regenerate|i:1561530370;idUsuario|s:1:\"2\";email|s:35:\"paulodir.oliveira@aluno.sc.senac.br\";logado|b:1;'),('3u5oqptkdheflmd8u8dmcdnfq3t76f7v','127.0.0.1',1561530733,_binary '__ci_last_regenerate|i:1561530733;idUsuario|s:1:\"2\";email|s:35:\"paulodir.oliveira@aluno.sc.senac.br\";logado|b:1;retorno|s:109:\"<div class=\"alert alert-success\"><i class=\"fas fa-check-double\"></i> Funcionário deletado com sucesso!</div>\";__ci_vars|a:1:{s:7:\"retorno\";s:3:\"old\";}'),('vuhl48m64hiem7s3hiplth6sg2hfni39','127.0.0.1',1561531041,_binary '__ci_last_regenerate|i:1561531041;idUsuario|s:1:\"2\";email|s:35:\"paulodir.oliveira@aluno.sc.senac.br\";logado|b:1;retorno|s:99:\"<div class=\"alert alert-danger\"><i class=\"far fa-hand-paper\"></i> Erro ao Alterar Usuário!!!</div>\";__ci_vars|a:1:{s:7:\"retorno\";s:3:\"old\";}'),('3fr8b9s7u2odpd1svms7ja5e4nnstqe9','127.0.0.1',1561531342,_binary '__ci_last_regenerate|i:1561531342;idUsuario|s:1:\"2\";email|s:35:\"paulodir.oliveira@aluno.sc.senac.br\";logado|b:1;retorno|s:99:\"<div class=\"alert alert-danger\"><i class=\"far fa-hand-paper\"></i> Erro ao Alterar Usuário!!!</div>\";__ci_vars|a:1:{s:7:\"retorno\";s:3:\"old\";}'),('ouea9l4igm4kh9v8jggk1spavttgvpan','127.0.0.1',1561531891,_binary '__ci_last_regenerate|i:1561531891;idUsuario|s:1:\"2\";email|s:35:\"paulodir.oliveira@aluno.sc.senac.br\";logado|b:1;'),('177skrfnbd5d622vhfh5salgk42ut71a','127.0.0.1',1561533674,_binary '__ci_last_regenerate|i:1561533674;'),('u9bft2c1ugt88895oh4r67nqo0psm2d9','127.0.0.1',1561532293,_binary '__ci_last_regenerate|i:1561532293;idUsuario|s:1:\"2\";email|s:35:\"paulodir.oliveira@aluno.sc.senac.br\";logado|b:1;retorno|s:120:\"<div class=\"alert alert-success\"><i class=\"fas fa-check-double\"></i> Acessório adicionado ao Veículo com sucesso</div>\";__ci_vars|a:1:{s:7:\"retorno\";s:3:\"old\";}'),('arts26f4quq9shv91jk1nkedpd3s12t5','127.0.0.1',1561532899,_binary '__ci_last_regenerate|i:1561532899;idUsuario|s:1:\"2\";email|s:35:\"paulodir.oliveira@aluno.sc.senac.br\";logado|b:1;retorno|s:103:\"<div class=\"alert alert-danger\"><i class=\"far fa-hand-paper\"></i> Erro ao Adicionar Acessório!!!</div>\";__ci_vars|a:1:{s:7:\"retorno\";s:3:\"new\";}'),('f884vjgphg16kcomn536r2tnt1smn661','127.0.0.1',1561533349,_binary '__ci_last_regenerate|i:1561533349;idUsuario|s:1:\"2\";email|s:35:\"paulodir.oliveira@aluno.sc.senac.br\";logado|b:1;retorno|s:103:\"<div class=\"alert alert-danger\"><i class=\"far fa-hand-paper\"></i> Erro ao Adicionar Acessório!!!</div>\";__ci_vars|a:1:{s:7:\"retorno\";s:3:\"old\";}'),('5nahlr71osg49t4vilk5f8vfhm96lscs','127.0.0.1',1561533754,_binary '__ci_last_regenerate|i:1561533754;idUsuario|s:1:\"2\";email|s:35:\"paulodir.oliveira@aluno.sc.senac.br\";logado|b:1;'),('07p42dams4ise0ven7b9mht5vhoniv8p','127.0.0.1',1561533746,_binary '__ci_last_regenerate|i:1561533674;'),('2g7q6gspmkltr59lspu95v2p6bk5hjju','127.0.0.1',1561534261,_binary '__ci_last_regenerate|i:1561534261;idUsuario|s:1:\"2\";email|s:35:\"paulodir.oliveira@aluno.sc.senac.br\";logado|b:1;retorno|s:106:\"<div class=\"alert alert-danger\"><i class=\"far fa-hand-paper\"></i> Falha ao alterar FormaPagamento...</div>\";__ci_vars|a:1:{s:7:\"retorno\";s:3:\"old\";}'),('qfpkht2ba3lqaleka9q8d7bvn646no6k','127.0.0.1',1561535804,_binary '__ci_last_regenerate|i:1561535804;idUsuario|s:1:\"2\";email|s:35:\"paulodir.oliveira@aluno.sc.senac.br\";logado|b:1;'),('f8fvfnu23gpj5r52fgea4m5cg004en3g','127.0.0.1',1561535804,_binary '__ci_last_regenerate|i:1561535804;idUsuario|s:1:\"2\";email|s:35:\"paulodir.oliveira@aluno.sc.senac.br\";logado|b:1;'),('e4gak1rtq9gvi0lkrubcftvv0c3i0e32','127.0.0.1',1561574516,_binary '__ci_last_regenerate|i:1561574516;'),('rtpuftq4j1irj35645g245aje27vtcl2','127.0.0.1',1561574905,_binary '__ci_last_regenerate|i:1561574905;idUsuario|s:1:\"2\";email|s:35:\"paulodir.oliveira@aluno.sc.senac.br\";logado|b:1;'),('3ssgnvdksrr0gcb64o88cfd9fjnvrhog','127.0.0.1',1561575497,_binary '__ci_last_regenerate|i:1561575497;idUsuario|s:1:\"2\";email|s:35:\"paulodir.oliveira@aluno.sc.senac.br\";logado|b:1;'),('9ge7aac3h826k1fkgejjdljr2f6qnia9','127.0.0.1',1561575931,_binary '__ci_last_regenerate|i:1561575931;idUsuario|s:1:\"2\";email|s:35:\"paulodir.oliveira@aluno.sc.senac.br\";logado|b:1;'),('hvgnugqhv8t4i6knbjk2vh57pahujncq','127.0.0.1',1561576294,_binary '__ci_last_regenerate|i:1561576294;idUsuario|s:1:\"2\";email|s:35:\"paulodir.oliveira@aluno.sc.senac.br\";logado|b:1;'),('5hf15u9l4arb92osha2bu4f3n2p76mg6','127.0.0.1',1561576656,_binary '__ci_last_regenerate|i:1561576656;idUsuario|s:1:\"2\";email|s:35:\"paulodir.oliveira@aluno.sc.senac.br\";logado|b:1;'),('mjluv9d90kt26ieg1sf8r8adnbl1vb1l','127.0.0.1',1561577227,_binary '__ci_last_regenerate|i:1561577227;idUsuario|s:1:\"2\";email|s:35:\"paulodir.oliveira@aluno.sc.senac.br\";logado|b:1;'),('achcnr6vd0ai25m0172on5lf4m687u5i','127.0.0.1',1561578467,_binary '__ci_last_regenerate|i:1561578467;idUsuario|s:1:\"2\";email|s:35:\"paulodir.oliveira@aluno.sc.senac.br\";logado|b:1;'),('k5ushpqb1acmcsnjk55q13junjl81ma1','127.0.0.1',1561578833,_binary '__ci_last_regenerate|i:1561578833;idUsuario|s:1:\"2\";email|s:35:\"paulodir.oliveira@aluno.sc.senac.br\";logado|b:1;'),('4hr9fqa4a7eks0cdmhnq9nmubibjoan7','127.0.0.1',1561579161,_binary '__ci_last_regenerate|i:1561579161;idUsuario|s:1:\"2\";email|s:35:\"paulodir.oliveira@aluno.sc.senac.br\";logado|b:1;'),('2qj4d75so08gvrac53j6h0j2cq8hic4s','127.0.0.1',1561579525,_binary '__ci_last_regenerate|i:1561579525;idUsuario|s:1:\"2\";email|s:35:\"paulodir.oliveira@aluno.sc.senac.br\";logado|b:1;'),('s2h2p9bb54p7midelvdferom1t4jcjrj','127.0.0.1',1561579846,_binary '__ci_last_regenerate|i:1561579846;idUsuario|s:1:\"2\";email|s:35:\"paulodir.oliveira@aluno.sc.senac.br\";logado|b:1;'),('po9nk2hoj3hj89au0vv94c7ncami4mac','127.0.0.1',1561580357,_binary '__ci_last_regenerate|i:1561580357;idUsuario|s:1:\"2\";email|s:35:\"paulodir.oliveira@aluno.sc.senac.br\";logado|b:1;'),('q3l92ppujje8fmo8gnogqtnp90tujvu7','127.0.0.1',1561580772,_binary '__ci_last_regenerate|i:1561580772;idUsuario|s:1:\"2\";email|s:35:\"paulodir.oliveira@aluno.sc.senac.br\";logado|b:1;'),('0ri7t9of1ujnv2juimbaapgisb3ede5f','127.0.0.1',1561581150,_binary '__ci_last_regenerate|i:1561581150;idUsuario|s:1:\"2\";email|s:35:\"paulodir.oliveira@aluno.sc.senac.br\";logado|b:1;'),('uv5idh91t6labho4vtd3ofr723j824q7','127.0.0.1',1561581474,_binary '__ci_last_regenerate|i:1561581474;idUsuario|s:1:\"2\";email|s:35:\"paulodir.oliveira@aluno.sc.senac.br\";logado|b:1;'),('3cv8bctk49dg9dvlutlijnors8ob8lcq','127.0.0.1',1561582155,_binary '__ci_last_regenerate|i:1561582155;idUsuario|s:1:\"2\";email|s:35:\"paulodir.oliveira@aluno.sc.senac.br\";logado|b:1;'),('35ggiu2snirvh40ibknjkbg5g91g2ik6','127.0.0.1',1561582580,_binary '__ci_last_regenerate|i:1561582580;idUsuario|s:1:\"2\";email|s:35:\"paulodir.oliveira@aluno.sc.senac.br\";logado|b:1;'),('3kbd5tv7f6o7au71nh7t6q05l7pfjfrn','127.0.0.1',1561582973,_binary '__ci_last_regenerate|i:1561582973;idUsuario|s:1:\"2\";email|s:35:\"paulodir.oliveira@aluno.sc.senac.br\";logado|b:1;'),('do9ihcjmtmh5ujvbfvjtltjj1946qb3b','127.0.0.1',1561586788,_binary '__ci_last_regenerate|i:1561586788;idUsuario|s:1:\"2\";email|s:35:\"paulodir.oliveira@aluno.sc.senac.br\";logado|b:1;'),('v8s57faal29ta0csk5btkvv3en59cuu3','127.0.0.1',1561587435,_binary '__ci_last_regenerate|i:1561587435;idUsuario|s:1:\"2\";email|s:35:\"paulodir.oliveira@aluno.sc.senac.br\";logado|b:1;'),('k35njpbd5t776eunhda7c56h27u34ea1','127.0.0.1',1561587772,_binary '__ci_last_regenerate|i:1561587772;idUsuario|s:1:\"2\";email|s:35:\"paulodir.oliveira@aluno.sc.senac.br\";logado|b:1;'),('kodh2rm6fat7i44ki1mct23j39c9ggnc','127.0.0.1',1561588370,_binary '__ci_last_regenerate|i:1561588370;idUsuario|s:1:\"2\";email|s:35:\"paulodir.oliveira@aluno.sc.senac.br\";logado|b:1;'),('mnoo2eg46tg3ib9s27alrlncfsba08l0','127.0.0.1',1561588723,_binary '__ci_last_regenerate|i:1561588723;idUsuario|s:1:\"2\";email|s:35:\"paulodir.oliveira@aluno.sc.senac.br\";logado|b:1;'),('881fpsgbitjvkvh5jr6e278mgpbq43j6','127.0.0.1',1561589078,_binary '__ci_last_regenerate|i:1561589078;idUsuario|s:1:\"2\";email|s:35:\"paulodir.oliveira@aluno.sc.senac.br\";logado|b:1;'),('861hdivd8uk8h1m33fncpdg32q7bhh19','127.0.0.1',1561589471,_binary '__ci_last_regenerate|i:1561589471;idUsuario|s:1:\"2\";email|s:35:\"paulodir.oliveira@aluno.sc.senac.br\";logado|b:1;'),('76tn9fkus8pa6s57tu3m7g692brsv5no','127.0.0.1',1561589790,_binary '__ci_last_regenerate|i:1561589790;idUsuario|s:1:\"2\";email|s:35:\"paulodir.oliveira@aluno.sc.senac.br\";logado|b:1;'),('71o0kbt2cdgeatvnlc41ecd4c6i83gm1','127.0.0.1',1561590153,_binary '__ci_last_regenerate|i:1561590153;idUsuario|s:1:\"2\";email|s:35:\"paulodir.oliveira@aluno.sc.senac.br\";logado|b:1;'),('bi11lmaq53i36hof98kg0gvd4ftf7af7','127.0.0.1',1561590598,_binary '__ci_last_regenerate|i:1561590598;idUsuario|s:1:\"2\";email|s:35:\"paulodir.oliveira@aluno.sc.senac.br\";logado|b:1;'),('p5c7vr0g5ndqot0gknvqr5b18vls3pq5','127.0.0.1',1561590924,_binary '__ci_last_regenerate|i:1561590924;idUsuario|s:1:\"2\";email|s:35:\"paulodir.oliveira@aluno.sc.senac.br\";logado|b:1;'),('qinumhssakuljjta0qrqtvloc3ic9smk','127.0.0.1',1561591553,_binary '__ci_last_regenerate|i:1561591553;idUsuario|s:1:\"2\";email|s:35:\"paulodir.oliveira@aluno.sc.senac.br\";logado|b:1;'),('pqn2jm39hjh4alr07jjujf6olmr0cumb','127.0.0.1',1561591910,_binary '__ci_last_regenerate|i:1561591910;idUsuario|s:1:\"2\";email|s:35:\"paulodir.oliveira@aluno.sc.senac.br\";logado|b:1;'),('9ef5qqfjoogblasmodp99qv7lhpp6h53','127.0.0.1',1561592840,_binary '__ci_last_regenerate|i:1561592840;idUsuario|s:1:\"2\";email|s:35:\"paulodir.oliveira@aluno.sc.senac.br\";logado|b:1;'),('4og05u0d9cc1p8kqgn0inn7bg6gm5ipd','127.0.0.1',1561593415,_binary '__ci_last_regenerate|i:1561593415;idUsuario|s:1:\"2\";email|s:35:\"paulodir.oliveira@aluno.sc.senac.br\";logado|b:1;'),('jdg4887db7fl7hchml1bbuh9ta3h0blv','127.0.0.1',1561593737,_binary '__ci_last_regenerate|i:1561593737;idUsuario|s:1:\"2\";email|s:35:\"paulodir.oliveira@aluno.sc.senac.br\";logado|b:1;'),('akclgfljumj134t5jcjpjei410uplvp9','127.0.0.1',1561594084,_binary '__ci_last_regenerate|i:1561594084;idUsuario|s:1:\"2\";email|s:35:\"paulodir.oliveira@aluno.sc.senac.br\";logado|b:1;'),('cfciqi3uno0trhbanu8sb7uvs80n5p22','127.0.0.1',1561594389,_binary '__ci_last_regenerate|i:1561594389;idUsuario|s:1:\"2\";email|s:35:\"paulodir.oliveira@aluno.sc.senac.br\";logado|b:1;'),('qi59g66lerfbm8r5g5mko8cu77651rlr','127.0.0.1',1561594755,_binary '__ci_last_regenerate|i:1561594755;idUsuario|s:1:\"2\";email|s:35:\"paulodir.oliveira@aluno.sc.senac.br\";logado|b:1;'),('h2eld7m0uph7qrbd02ohlhbcp5oj421r','127.0.0.1',1561595066,_binary '__ci_last_regenerate|i:1561595066;idUsuario|s:1:\"2\";email|s:35:\"paulodir.oliveira@aluno.sc.senac.br\";logado|b:1;'),('lp10n1f8n8kfv54kvdg217msm6lka95a','127.0.0.1',1561595405,_binary '__ci_last_regenerate|i:1561595405;idUsuario|s:1:\"2\";email|s:35:\"paulodir.oliveira@aluno.sc.senac.br\";logado|b:1;'),('0jamfmjgjfr0cjprofr4d23gf65qu784','127.0.0.1',1561596327,_binary '__ci_last_regenerate|i:1561596327;idUsuario|s:1:\"2\";email|s:35:\"paulodir.oliveira@aluno.sc.senac.br\";logado|b:1;'),('9e7pjd5hr7mfrsmtn1433smc25670b4s','127.0.0.1',1561596747,_binary '__ci_last_regenerate|i:1561596747;idUsuario|s:1:\"2\";email|s:35:\"paulodir.oliveira@aluno.sc.senac.br\";logado|b:1;retorno|s:103:\"<div class=\"alert alert-success\"><i class=\"fas fa-check-double\"></i> Imagem deletada com Sucesso!</div>\";__ci_vars|a:1:{s:7:\"retorno\";s:3:\"old\";}'),('s53mtatetplo56f56778fhbmvqgs31bl','127.0.0.1',1561597087,_binary '__ci_last_regenerate|i:1561597087;idUsuario|s:1:\"2\";email|s:35:\"paulodir.oliveira@aluno.sc.senac.br\";logado|b:1;'),('4v9gs8dspvos7dj2mnm9pn0mpha4atv4','127.0.0.1',1561597780,_binary '__ci_last_regenerate|i:1561597780;idUsuario|s:1:\"2\";email|s:35:\"paulodir.oliveira@aluno.sc.senac.br\";logado|b:1;'),('83d556b08m33pheoahq2t911ia8a110v','127.0.0.1',1561598197,_binary '__ci_last_regenerate|i:1561598197;idUsuario|s:1:\"2\";email|s:35:\"paulodir.oliveira@aluno.sc.senac.br\";logado|b:1;retorno|s:68:\"<div class=\"alert alert-success\">Imagens Adicionadas a Galeria</div>\";__ci_vars|a:1:{s:7:\"retorno\";s:3:\"new\";}'),('cn1mpf6d9v1vr7bq0lan5iva2pjt6482','127.0.0.1',1561604755,_binary '__ci_last_regenerate|i:1561604751;idUsuario|s:1:\"2\";email|s:35:\"paulodir.oliveira@aluno.sc.senac.br\";logado|b:1;'),('oarnbnhbgrfllr2kue4fev4gh0chhc1e','127.0.0.1',1561606689,_binary '__ci_last_regenerate|i:1561606689;idUsuario|s:1:\"2\";email|s:35:\"paulodir.oliveira@aluno.sc.senac.br\";logado|b:1;'),('fm9bka0t1gasnqla6kraaul1s7h6bnq6','127.0.0.1',1561607054,_binary '__ci_last_regenerate|i:1561607054;idUsuario|s:1:\"2\";email|s:35:\"paulodir.oliveira@aluno.sc.senac.br\";logado|b:1;'),('es1fgp2ljm649e5ea9s8bp9ror3iludi','127.0.0.1',1561607359,_binary '__ci_last_regenerate|i:1561607359;idUsuario|s:1:\"2\";email|s:35:\"paulodir.oliveira@aluno.sc.senac.br\";logado|b:1;retorno|s:68:\"<div class=\"alert alert-success\">Imagens Adicionadas a Galeria</div>\";__ci_vars|a:1:{s:7:\"retorno\";s:3:\"old\";}'),('mjr3logv8p395bcs6t5mlc3plgkcfogo','127.0.0.1',1561607682,_binary '__ci_last_regenerate|i:1561607682;idUsuario|s:1:\"2\";email|s:35:\"paulodir.oliveira@aluno.sc.senac.br\";logado|b:1;retorno|s:165:\"<div class=\"alert alert-danger\"><i class=\"far fa-hand-paper\"></i> <p>A imagem que você está tentando fazer upload excede as dimensões máxima permitida.</p></div>\";__ci_vars|a:1:{s:7:\"retorno\";s:3:\"new\";}'),('9v665s0v4a0umkdfqifhp1f43u63m6sg','127.0.0.1',1561608052,_binary '__ci_last_regenerate|i:1561608052;idUsuario|s:1:\"2\";email|s:35:\"paulodir.oliveira@aluno.sc.senac.br\";logado|b:1;retorno|s:327:\"<div class=\"alert alert-danger\"><p>O arquivo excedeu o tamanho máximo permitido de upload em seu arquivo de configuração do PHP.</p><p>A imagem que você está tentando fazer upload excede as dimensões máxima permitida.</p><p>A imagem que você está tentando fazer upload excede as dimensões máxima permitida.</p></div>\";__ci_vars|a:1:{s:7:\"retorno\";s:3:\"new\";}'),('rlfc100fd3l0vlfuvbr06poslrlrgg0b','127.0.0.1',1561609017,_binary '__ci_last_regenerate|i:1561609017;idUsuario|s:1:\"2\";email|s:35:\"paulodir.oliveira@aluno.sc.senac.br\";logado|b:1;retorno|s:126:\"<div class=\"alert alert-danger\"><p>O arquivo que você está tentando fazer upload é maior que o tamanho permitido.</p></div>\";__ci_vars|a:1:{s:7:\"retorno\";s:3:\"new\";}'),('j6kpd345jre2nl000r0krce84bh07an1','127.0.0.1',1561609944,_binary '__ci_last_regenerate|i:1561609944;idUsuario|s:1:\"2\";email|s:35:\"paulodir.oliveira@aluno.sc.senac.br\";logado|b:1;'),('fbh37pj1v05r0i2m5vrgtefdif7met8u','127.0.0.1',1561610755,_binary '__ci_last_regenerate|i:1561610755;idUsuario|s:1:\"2\";email|s:35:\"paulodir.oliveira@aluno.sc.senac.br\";logado|b:1;retorno|s:105:\"<div class=\"alert alert-success\"><i class=\"fas fa-check-double\"></i> Veículo Alterado com Sucesso!</div>\";__ci_vars|a:1:{s:7:\"retorno\";s:3:\"old\";}'),('tthr1f5oscjj711cmsgj2iaajvo63jqb','127.0.0.1',1561611083,_binary '__ci_last_regenerate|i:1561611083;idUsuario|s:1:\"2\";email|s:35:\"paulodir.oliveira@aluno.sc.senac.br\";logado|b:1;'),('kb6742cgnlok0v4fr6mhnhce7nbk9gic','127.0.0.1',1561611559,_binary '__ci_last_regenerate|i:1561611559;idUsuario|s:1:\"2\";email|s:35:\"paulodir.oliveira@aluno.sc.senac.br\";logado|b:1;'),('u9b8kj7a9cefij90a68a1d7ntqr47bl9','127.0.0.1',1561611883,_binary '__ci_last_regenerate|i:1561611883;idUsuario|s:1:\"2\";email|s:35:\"paulodir.oliveira@aluno.sc.senac.br\";logado|b:1;'),('ul2a9ecmlnnl5mpt4mss507gn83lui91','127.0.0.1',1561612192,_binary '__ci_last_regenerate|i:1561612192;idUsuario|s:1:\"2\";email|s:35:\"paulodir.oliveira@aluno.sc.senac.br\";logado|b:1;'),('3q7cln9lnk32pqugtiv858olmivp42vu','127.0.0.1',1561613163,_binary '__ci_last_regenerate|i:1561613163;idUsuario|s:1:\"2\";email|s:35:\"paulodir.oliveira@aluno.sc.senac.br\";logado|b:1;'),('j74pdmclqlo4692km5mqfk81a79ggvf7','127.0.0.1',1561613567,_binary '__ci_last_regenerate|i:1561613567;idUsuario|s:1:\"2\";email|s:35:\"paulodir.oliveira@aluno.sc.senac.br\";logado|b:1;retorno|s:105:\"<div class=\"alert alert-success\"><i class=\"fas fa-check-double\"></i> Veículo Alterado com Sucesso!</div>\";__ci_vars|a:1:{s:7:\"retorno\";s:3:\"old\";}'),('du58hddba0rq5e5nq8ggk8md60ohn6ku','127.0.0.1',1561613871,_binary '__ci_last_regenerate|i:1561613871;idUsuario|s:1:\"2\";email|s:35:\"paulodir.oliveira@aluno.sc.senac.br\";logado|b:1;'),('5jvg0uqfge8qp9kg56mro64g0otu0fa7','127.0.0.1',1561614297,_binary '__ci_last_regenerate|i:1561614297;idUsuario|s:1:\"2\";email|s:35:\"paulodir.oliveira@aluno.sc.senac.br\";logado|b:1;retorno|s:95:\"<div class=\"alert alert-danger\"><i class=\"fas fa-ban\"></i> Falha ao Alterar Acessório...</div>\";__ci_vars|a:1:{s:7:\"retorno\";s:3:\"old\";}'),('ggg8klaesopascc4ovggu6vrj5ovau7h','127.0.0.1',1561614650,_binary '__ci_last_regenerate|i:1561614650;idUsuario|s:1:\"2\";email|s:35:\"paulodir.oliveira@aluno.sc.senac.br\";logado|b:1;'),('hen93n4qsjvfg8dtvb5sbpme720s2ruq','127.0.0.1',1561614965,_binary '__ci_last_regenerate|i:1561614965;idUsuario|s:1:\"2\";email|s:35:\"paulodir.oliveira@aluno.sc.senac.br\";logado|b:1;'),('dnh031j2d39apreaquu98vp55nca5p4c','127.0.0.1',1561616906,_binary '__ci_last_regenerate|i:1561616906;'),('ilobfhuoeinbunh4vnpr7b898kug1g4c','127.0.0.1',1561617222,_binary '__ci_last_regenerate|i:1561617222;'),('8d22o22q2i7d5aklfugohvi0jgi7rmfh','127.0.0.1',1561617524,_binary '__ci_last_regenerate|i:1561617524;'),('87n2rqo9nj0k4638gpehkgfmsq4thar0','127.0.0.1',1561617840,_binary '__ci_last_regenerate|i:1561617840;idUsuario|s:1:\"2\";email|s:35:\"paulodir.oliveira@aluno.sc.senac.br\";logado|b:1;retorno|s:127:\"<div class=\"alert alert-success\"><i class=\"fas fa-check-double\"></i> Usuário paulodir.oliveira@aluno.sc.senac.br Logado.</div>\";__ci_vars|a:1:{s:7:\"retorno\";s:3:\"old\";}'),('4qk32f8mbvpt6kldjnl92tjcp1gqt6qu','127.0.0.1',1561618145,_binary '__ci_last_regenerate|i:1561618145;idUsuario|s:1:\"2\";email|s:35:\"paulodir.oliveira@aluno.sc.senac.br\";logado|b:1;'),('7btk2qdaci2t7iig8mkdqkkm4g4qrig2','127.0.0.1',1561618544,_binary '__ci_last_regenerate|i:1561618544;idUsuario|s:1:\"2\";email|s:35:\"paulodir.oliveira@aluno.sc.senac.br\";logado|b:1;'),('a78ls8ai1j286o4lng3rlkm476vlhuo8','127.0.0.1',1561618942,_binary '__ci_last_regenerate|i:1561618942;idUsuario|s:1:\"2\";email|s:35:\"paulodir.oliveira@aluno.sc.senac.br\";logado|b:1;'),('v4f7mq0ljfetcdki787c2beaopq8ocsv','127.0.0.1',1561619538,_binary '__ci_last_regenerate|i:1561619538;idUsuario|s:1:\"2\";email|s:35:\"paulodir.oliveira@aluno.sc.senac.br\";logado|b:1;'),('la6om7b7e5p7i8q9uvkprmkjtq2n20of','127.0.0.1',1561619898,_binary '__ci_last_regenerate|i:1561619898;idUsuario|s:1:\"2\";email|s:35:\"paulodir.oliveira@aluno.sc.senac.br\";logado|b:1;'),('330mnr6rs7c9k7ujmqk6gbkvooaulrg9','127.0.0.1',1561620092,_binary '__ci_last_regenerate|i:1561619898;idUsuario|s:1:\"2\";email|s:35:\"paulodir.oliveira@aluno.sc.senac.br\";logado|b:1;'),('ahhdf60nm2tj3a825q2ga4ml6qj8a8k2','127.0.0.1',1561620835,_binary '__ci_last_regenerate|i:1561620835;idUsuario|s:1:\"2\";email|s:35:\"paulodir.oliveira@aluno.sc.senac.br\";logado|b:1;'),('4mfjhq5pq7rkuaa60bttpg3u26l2r3g6','127.0.0.1',1561621231,_binary '__ci_last_regenerate|i:1561621231;idUsuario|s:1:\"2\";email|s:35:\"paulodir.oliveira@aluno.sc.senac.br\";logado|b:1;'),('ciuhc9elqd9vc70ulu23jl5j9pj1l6co','127.0.0.1',1561621562,_binary '__ci_last_regenerate|i:1561621562;idUsuario|s:1:\"2\";email|s:35:\"paulodir.oliveira@aluno.sc.senac.br\";logado|b:1;'),('bd3i003ldioham2q40i68h486usvarmd','127.0.0.1',1561621876,_binary '__ci_last_regenerate|i:1561621876;idUsuario|s:1:\"2\";email|s:35:\"paulodir.oliveira@aluno.sc.senac.br\";logado|b:1;'),('k3tmrger8r81b97l0hoh1tcjj1kj2mj8','127.0.0.1',1561622320,_binary '__ci_last_regenerate|i:1561622320;idUsuario|s:1:\"2\";email|s:35:\"paulodir.oliveira@aluno.sc.senac.br\";logado|b:1;'),('g3pum0ut1lfeatknaf4ofle2lq4gq32v','127.0.0.1',1561627359,_binary '__ci_last_regenerate|i:1561627359;idUsuario|s:1:\"2\";email|s:35:\"paulodir.oliveira@aluno.sc.senac.br\";logado|b:1;'),('jrun5m6fefs2tljj0f2qgdsnepnvbdjk','127.0.0.1',1561628261,_binary '__ci_last_regenerate|i:1561628261;idUsuario|s:1:\"2\";email|s:35:\"paulodir.oliveira@aluno.sc.senac.br\";logado|b:1;'),('akgntk0crvdu8jg6iukfdqo4sfv17t1g','127.0.0.1',1561629251,_binary '__ci_last_regenerate|i:1561629251;idUsuario|s:1:\"2\";email|s:35:\"paulodir.oliveira@aluno.sc.senac.br\";logado|b:1;'),('t4ijpf8o6a4g5ktb0m8h7br6j57h3m3o','127.0.0.1',1561629295,_binary '__ci_last_regenerate|i:1561629251;idUsuario|s:1:\"2\";email|s:35:\"paulodir.oliveira@aluno.sc.senac.br\";logado|b:1;'),('1v9f9r48d746fh76cuj61bf5kk108s3u','127.0.0.1',1561665539,_binary '__ci_last_regenerate|i:1561665539;'),('uda1t1anc5recgq6qc862tc40nv1i934','127.0.0.1',1561666267,_binary '__ci_last_regenerate|i:1561666267;'),('rm346rusjeiem4gdqmmingdcqo3labtg','127.0.0.1',1561668909,_binary '__ci_last_regenerate|i:1561668909;'),('s8vc7sa0oraael1ovo3p0dlt0n5savqc','127.0.0.1',1561669213,_binary '__ci_last_regenerate|i:1561669213;retorno|s:103:\"<div class=\"alert alert-success\"><i class=\"fas fa-check-double\"></i> Imagem deletada com Sucesso!</div>\";__ci_vars|a:1:{s:7:\"retorno\";s:3:\"old\";}'),('938nugf7e4ti4hrv2vibop0khvuubqtr','127.0.0.1',1561669517,_binary '__ci_last_regenerate|i:1561669517;retorno|s:121:\"<div class=\"alert alert-danger\"><i class=\"fas fa-ban\"></i><p>Você não selecionou o arquivo para fazer upload.</p></div>\";__ci_vars|a:1:{s:7:\"retorno\";s:3:\"new\";}'),('869jp86laa4o7l3vbrrpd0lfdon28p99','127.0.0.1',1561669884,_binary '__ci_last_regenerate|i:1561669884;idUsuario|s:1:\"2\";email|s:35:\"paulodir.oliveira@aluno.sc.senac.br\";logado|b:1;'),('ch02mtunbgfmf7trdnvgmlfqp2860qlb','127.0.0.1',1561670242,_binary '__ci_last_regenerate|i:1561670242;idUsuario|s:1:\"2\";email|s:35:\"paulodir.oliveira@aluno.sc.senac.br\";logado|b:1;'),('jv9jo5f05f6b40pj1bqt2na25nb343er','127.0.0.1',1561671137,_binary '__ci_last_regenerate|i:1561671137;idUsuario|s:1:\"2\";email|s:35:\"paulodir.oliveira@aluno.sc.senac.br\";logado|b:1;'),('8l3f3slbku01dhmf50e48667kns8vsjb','127.0.0.1',1561674811,_binary '__ci_last_regenerate|i:1561674811;idUsuario|s:1:\"2\";email|s:35:\"paulodir.oliveira@aluno.sc.senac.br\";logado|b:1;'),('od64tscln2hfi9hvognif3gd5fc9lphb','127.0.0.1',1561675278,_binary '__ci_last_regenerate|i:1561675278;idUsuario|s:1:\"2\";email|s:35:\"paulodir.oliveira@aluno.sc.senac.br\";logado|b:1;'),('ul34k67h7gaj4l669t8v2v8mo5g00dgt','127.0.0.1',1561675631,_binary '__ci_last_regenerate|i:1561675631;idUsuario|s:1:\"2\";email|s:35:\"paulodir.oliveira@aluno.sc.senac.br\";logado|b:1;retorno|s:104:\"<div class=\"alert alert-success\"><i class=\"fas fa-check-double\"></i> Cliente Alterado com Sucesso!</div>\";__ci_vars|a:1:{s:7:\"retorno\";s:3:\"old\";}'),('3366kikvb7tk0cae88h22hu7d7pvkmgc','127.0.0.1',1561675980,_binary '__ci_last_regenerate|i:1561675980;idUsuario|s:1:\"2\";email|s:35:\"paulodir.oliveira@aluno.sc.senac.br\";logado|b:1;retorno|s:107:\"<div class=\"alert alert-success\"><i class=\"fas fa-check-double\"></i> Acessório Alterado com Sucesso!</div>\";__ci_vars|a:1:{s:7:\"retorno\";s:3:\"old\";}'),('glj2o8id9c155he9k1edhq95e7lfatab','127.0.0.1',1561676598,_binary '__ci_last_regenerate|i:1561676598;idUsuario|s:1:\"2\";email|s:35:\"paulodir.oliveira@aluno.sc.senac.br\";logado|b:1;'),('iagdm022nqvjqjokg5alpefuiqg418as','127.0.0.1',1561677075,_binary '__ci_last_regenerate|i:1561677075;idUsuario|s:1:\"2\";email|s:35:\"paulodir.oliveira@aluno.sc.senac.br\";logado|b:1;'),('mitmn4r3jsp10bcc1i2d867iekcr2rnj','127.0.0.1',1561677440,_binary '__ci_last_regenerate|i:1561677440;idUsuario|s:1:\"2\";email|s:35:\"paulodir.oliveira@aluno.sc.senac.br\";logado|b:1;'),('h1gq7fsrj41lhriv3caca96eb0dcb42n','127.0.0.1',1561677743,_binary '__ci_last_regenerate|i:1561677743;idUsuario|s:1:\"2\";email|s:35:\"paulodir.oliveira@aluno.sc.senac.br\";logado|b:1;'),('p9frksvrtie3vb5hbtl0vj0jd4h2gin2','127.0.0.1',1561678129,_binary '__ci_last_regenerate|i:1561678129;idUsuario|s:1:\"2\";email|s:35:\"paulodir.oliveira@aluno.sc.senac.br\";logado|b:1;retorno|s:109:\"<div class=\"alert alert-success\"><i class=\"fas fa-check-double\"></i> Funcionário Alterado com Sucesso!</div>\";__ci_vars|a:1:{s:7:\"retorno\";s:3:\"old\";}'),('a9cij0mhkfqlu9il4svr4brvlevjmq61','127.0.0.1',1561678446,_binary '__ci_last_regenerate|i:1561678446;idUsuario|s:1:\"2\";email|s:35:\"paulodir.oliveira@aluno.sc.senac.br\";logado|b:1;'),('sk63kg3dghpsdv67v4sor17n47nj5s3l','127.0.0.1',1561678856,_binary '__ci_last_regenerate|i:1561678856;idUsuario|s:1:\"2\";email|s:35:\"paulodir.oliveira@aluno.sc.senac.br\";logado|b:1;retorno|s:104:\"<div class=\"alert alert-success\"><i class=\"fas fa-check-double\"></i> Cliente Alterado com Sucesso!</div>\";__ci_vars|a:1:{s:7:\"retorno\";s:3:\"old\";}'),('0rsvikoa7j2a8qlbalbu9tmn14i6d79o','127.0.0.1',1561679357,_binary '__ci_last_regenerate|i:1561679357;'),('35v3qghimf3oap5nltv19qocute4q0j8','127.0.0.1',1561679677,_binary '__ci_last_regenerate|i:1561679677;'),('jmublcvoa7sah7671f4a3gjtbebihsp9','127.0.0.1',1561680010,_binary '__ci_last_regenerate|i:1561680010;'),('qh181c0slpv60j3jenfc52cf2lhnjk9r','127.0.0.1',1561680359,_binary '__ci_last_regenerate|i:1561680359;'),('gbt8h4fn17ttl59q2j840ri6vb01ar2v','127.0.0.1',1561680782,_binary '__ci_last_regenerate|i:1561680782;'),('5tf0rlpjplrkf4rf3u1253fmalf344i4','127.0.0.1',1561681109,_binary '__ci_last_regenerate|i:1561681109;'),('pu2v22a76vc2sg8g85b343terqec0ss3','127.0.0.1',1561681413,_binary '__ci_last_regenerate|i:1561681413;'),('f29dutm2o67ql50gorpos17bhm5rbopd','127.0.0.1',1561681796,_binary '__ci_last_regenerate|i:1561681796;'),('d9lg1jdhftg3ktf7pm7j6u9s3pludapr','127.0.0.1',1561684230,_binary '__ci_last_regenerate|i:1561684230;'),('8g1c6u59tnvlag95s243ecm5412h8bb8','127.0.0.1',1561684810,_binary '__ci_last_regenerate|i:1561684810;'),('hi4bqiumkfq64hg3irlpd3u2veihcq66','127.0.0.1',1561688647,_binary '__ci_last_regenerate|i:1561688647;'),('csbm2m5b879mjjaqi6s1fpjmgcbsf5vb','127.0.0.1',1561688839,_binary '__ci_last_regenerate|i:1561688839;');
/*!40000 ALTER TABLE `ci_sessions` ENABLE KEYS */;
UNLOCK TABLES;

--
-- Table structure for table `cliente`
--

DROP TABLE IF EXISTS `cliente`;
/*!40101 SET @saved_cs_client     = @@character_set_client */;
 SET character_set_client = utf8mb4 ;
CREATE TABLE `cliente` (
  `id` int(11) NOT NULL AUTO_INCREMENT,
  `nomeCliente` varchar(45) NOT NULL,
  `cnpjCpf` varchar(18) NOT NULL,
  `ieRg` int(25) NOT NULL,
  `genero` tinyint(1) NOT NULL,
  `dataNascimento` date NOT NULL,
  `endereco` varchar(45) NOT NULL,
  `bairro` varchar(45) NOT NULL,
  `cidade` varchar(45) NOT NULL,
  `estado` varchar(2) NOT NULL,
  `celular` varchar(18) DEFAULT NULL,
  PRIMARY KEY (`id`),
  UNIQUE KEY `cnpjCpf` (`cnpjCpf`)
) ENGINE=InnoDB AUTO_INCREMENT=7 DEFAULT CHARSET=utf8;
/*!40101 SET character_set_client = @saved_cs_client */;

--
-- Dumping data for table `cliente`
--

LOCK TABLES `cliente` WRITE;
/*!40000 ALTER TABLE `cliente` DISABLE KEYS */;
INSERT INTO `cliente` VALUES (1,'Goku','123.456.789-09',12121212,1,'2019-06-10','Rua Anime','Interior','Nobunaga','SC','(11)11115-6756'),(2,'Naruto','987.654.321-11',2147483647,1,'2000-10-20','Rua Anime','Centro','Konoha','PF','(12)34567-8901'),(5,'LexCorp','00.111.222/0078-79',250250250,3,'1978-12-12','LexCorp','LexCorp','LexCorp','LC','(00)00000-0000');
/*!40000 ALTER TABLE `cliente` ENABLE KEYS */;
UNLOCK TABLES;

--
-- Table structure for table `formapagamento`
--

DROP TABLE IF EXISTS `formapagamento`;
/*!40101 SET @saved_cs_client     = @@character_set_client */;
 SET character_set_client = utf8mb4 ;
CREATE TABLE `formapagamento` (
  `id` int(11) NOT NULL AUTO_INCREMENT,
  `descricaoPagamento` varchar(20) NOT NULL,
  PRIMARY KEY (`id`)
) ENGINE=InnoDB AUTO_INCREMENT=11 DEFAULT CHARSET=utf8;
/*!40101 SET character_set_client = @saved_cs_client */;

--
-- Dumping data for table `formapagamento`
--

LOCK TABLES `formapagamento` WRITE;
/*!40000 ALTER TABLE `formapagamento` DISABLE KEYS */;
INSERT INTO `formapagamento` VALUES (1,'Á Vista'),(2,'Á Prazo');
/*!40000 ALTER TABLE `formapagamento` ENABLE KEYS */;
UNLOCK TABLES;

--
-- Table structure for table `foto`
--

DROP TABLE IF EXISTS `foto`;
/*!40101 SET @saved_cs_client     = @@character_set_client */;
 SET character_set_client = utf8mb4 ;
CREATE TABLE `foto` (
  `id` int(11) NOT NULL AUTO_INCREMENT,
  `veiculo_id` int(11) NOT NULL,
  `nome` text NOT NULL,
  PRIMARY KEY (`id`),
  KEY `FK_foto_veiculo` (`veiculo_id`),
  CONSTRAINT `FK_foto_veiculo` FOREIGN KEY (`veiculo_id`) REFERENCES `veiculo` (`id`)
) ENGINE=InnoDB AUTO_INCREMENT=138 DEFAULT CHARSET=utf8;
/*!40101 SET character_set_client = @saved_cs_client */;

--
-- Dumping data for table `foto`
--

LOCK TABLES `foto` WRITE;
/*!40000 ALTER TABLE `foto` DISABLE KEYS */;
INSERT INTO `foto` VALUES (55,10,'c390c625ea95b37afb79132b4be97d82.jpg'),(56,10,'92850dd71387529275b440d357c34b64.jpg'),(59,10,'fadad113cc1fea216e40b5f73d387c19.jpeg'),(60,10,'e3eb7b87644ce08c19bf76c326606fd7.jpg'),(61,11,'ba88cdd34fe3de523819c3d34aecea6b.jpg'),(62,11,'125fadf6d2d1363a70f4559a0e18b47d.jpg'),(63,11,'41d4ed2785712b44c0762d791ed06f45.jpg'),(64,11,'2b8a8d0ceef661b43f1176d8c3aa4fed.jpg'),(87,4,'90f108ce7b49eff4df4242589843251c.jpg'),(88,7,'419f6880d973e123c3a40e4763d4fbd4.jpg'),(89,9,'bd75e05111036f838b5d23ba1539ce92.jpeg'),(90,3,'f5eb95591bd79d649bc92d9fbf308ec9.jpg'),(91,3,'7335b80557460a01b65c1da30da9fc75.jpg'),(92,2,'aa6cb382873b8006c56a41dec24f13a4.jpg'),(93,2,'b807e0e898f96b6b35eb512bc5dd9f62.jpg'),(94,8,'0af2d7ba2afff0b1f48eddb9fdfb5824.jpg'),(96,5,'c01b6b0c07b80303d55e4620ed5e606c.jpg'),(97,5,'5788e17b1637c5e8f75d25a377408026.jpg'),(125,12,'3c36f8470849aed153ea21e2533e96b4.jpg'),(126,12,'87ab96e30d09a942fa44d7952fcf323b.jpg'),(127,12,'3ed0551fa0909204c91af289582dda6f.jpg'),(132,2,'4c38d0112264af9f8193511495a8ace8.jpg'),(133,2,'22d13e38545f1354dd4c6cf57f3061d9.jpg'),(134,1,'4d7051dc6276d0e40e6358e75766e93e.jpg'),(135,1,'ee8964150bc1c4b861e81a22e3b78235.jpg'),(136,1,'5b8390f3d2165a07ca1d3a8b7bd02241.jpg'),(137,1,'cdeb1b553cdae919c621d3eb509db246.jpg');
/*!40000 ALTER TABLE `foto` ENABLE KEYS */;
UNLOCK TABLES;

--
-- Table structure for table `funcionario`
--

DROP TABLE IF EXISTS `funcionario`;
/*!40101 SET @saved_cs_client     = @@character_set_client */;
 SET character_set_client = utf8mb4 ;
CREATE TABLE `funcionario` (
  `id` int(11) NOT NULL AUTO_INCREMENT,
  `setor_id` int(11) NOT NULL,
  `nomeFuncionario` varchar(45) NOT NULL,
  `cpf` varchar(13) NOT NULL,
  `rg` int(25) NOT NULL,
  `genero` tinyint(1) NOT NULL,
  `dataNascimento` date NOT NULL,
  `endereco` varchar(45) NOT NULL,
  `bairro` varchar(45) NOT NULL,
  `cidade` varchar(45) NOT NULL,
  `estado` varchar(2) NOT NULL,
  `celular` varchar(15) DEFAULT NULL,
  `salario` float(11,2) NOT NULL,
  PRIMARY KEY (`id`),
  UNIQUE KEY `cpf` (`cpf`),
  KEY `FK_funcionario_setor` (`setor_id`),
  CONSTRAINT `FK_funcionario_setor` FOREIGN KEY (`setor_id`) REFERENCES `setor` (`id`)
) ENGINE=InnoDB AUTO_INCREMENT=6 DEFAULT CHARSET=utf8;
/*!40101 SET character_set_client = @saved_cs_client */;

--
-- Dumping data for table `funcionario`
--

LOCK TABLES `funcionario` WRITE;
/*!40000 ALTER TABLE `funcionario` DISABLE KEYS */;
INSERT INTO `funcionario` VALUES (1,1,'Popeye','223.409.839-8',34324,1,'1929-01-17','Rua Animação','Centro','Costeira','PR','(11)11111-11',1500.00),(2,1,'Super Girl','5.555.555-83',3333333,2,'1980-03-15','Rua Kypto','Centro','Vazeópolis','RS','(54)88888-8888',1500.00);
/*!40000 ALTER TABLE `funcionario` ENABLE KEYS */;
UNLOCK TABLES;

--
-- Table structure for table `modelo`
--

DROP TABLE IF EXISTS `modelo`;
/*!40101 SET @saved_cs_client     = @@character_set_client */;
 SET character_set_client = utf8mb4 ;
CREATE TABLE `modelo` (
  `id` int(11) NOT NULL AUTO_INCREMENT,
  `montadora_id` int(11) NOT NULL,
  `nomeModelo` varchar(30) NOT NULL,
  `tipoModelo` tinyint(1) NOT NULL,
  PRIMARY KEY (`id`),
  KEY `fk_modelomontadora` (`montadora_id`),
  CONSTRAINT `fk_modelomontadora` FOREIGN KEY (`montadora_id`) REFERENCES `montadora` (`id`)
) ENGINE=InnoDB AUTO_INCREMENT=5035 DEFAULT CHARSET=utf8;
/*!40101 SET character_set_client = @saved_cs_client */;

--
-- Dumping data for table `modelo`
--

LOCK TABLES `modelo` WRITE;
/*!40000 ALTER TABLE `modelo` DISABLE KEYS */;
INSERT INTO `modelo` VALUES (1,25,'INTEGRA',1),(2,25,'LEGEND',1),(3,25,'NSX',1),(4,27,'MARRUA',1),(5,28,'145',1),(6,28,'147',1),(7,28,'155',1),(8,28,'156',1),(9,28,'164',1),(10,28,'166',1),(11,28,'2300',1),(12,28,'SPIDER',1),(13,156,'HUMMER',1),(14,16,'AM-825',1),(15,16,'HI-TOPIC',1),(16,16,'ROCSTA',1),(17,16,'TOPIC',1),(18,16,'TOWNER',1),(19,32,'100',1),(20,32,'80',1),(21,32,'A1',1),(22,32,'A3',1),(23,32,'A4 SEDAN',1),(24,32,'A5 COUPE',1),(25,32,'A6 SEDAN',1),(26,32,'A7',1),(27,32,'A8',1),(30,32,'Q3',1),(31,32,'Q5',1),(32,32,'Q7',1),(33,32,'R8',1),(34,32,'RS3',1),(35,32,'RS4',1),(36,32,'RS5',1),(37,32,'RS6',1),(38,32,'S3',1),(39,32,'S4 SEDAN',1),(40,32,'S6 SEDAN',1),(41,32,'S8',1),(42,32,'TT',1),(43,32,'TTS',1),(86,157,'BUGGY',1),(87,155,'DEVILLE',1),(88,155,'ELDORADO',1),(89,155,'SEVILLE',1),(90,42,'JAVALI',1),(92,6,'MINI STAR FAMILY',1),(93,6,'MINI STAR UTILITY',1),(95,47,'CIELO',1),(96,47,'FACE',1),(97,47,'QQ',1),(98,47,'S-18',1),(99,47,'TIGGO',1),(100,19,'300C',1),(101,19,'CARAVAN',1),(102,19,'CIRRUS',1),(103,19,'GRAN CARAVAN',1),(104,19,'LE BARON',1),(105,19,'NEON',1),(106,19,'PT CRUISER',1),(107,19,'SEBRING',1),(108,19,'STRATUS',1),(109,19,'TOWN E COUNTRY',1),(110,19,'VISION',1),(111,5,'AIRCROSS',1),(112,5,'AX',1),(113,5,'BERLINGO',1),(114,5,'BX',1),(115,5,'C3',1),(116,5,'C4',1),(117,5,'C5',1),(118,5,'C6',1),(119,5,'C8',1),(120,5,'DS3',1),(121,5,'EVASION',1),(122,5,'JUMPER',1),(123,5,'XANTIA',1),(124,5,'XM',1),(125,5,'XSARA',1),(126,5,'ZX',1),(127,50,'CL-244',1),(128,50,'CL-330',1),(129,51,'ESPERO',1),(130,51,'LANOS',1),(131,51,'LEGANZA',1),(132,51,'NUBIRA',1),(133,51,'PRINCE',1),(134,51,'RACER',1),(135,51,'SUPER SALON',1),(136,51,'TICO',1),(137,52,'APPLAUSE',1),(138,52,'CHARADE',1),(139,52,'CUORE',1),(140,52,'FEROZA',1),(141,52,'GRAN MOVE',1),(142,52,'MOVE VAN',1),(143,52,'TERIOS',1),(144,18,'AVENGER',1),(145,18,'DAKOTA',1),(146,18,'JOURNEY',1),(147,18,'RAM',1),(148,18,'STEALTH',1),(151,61,'M-100',1),(152,61,'PLUTUS',1),(153,61,'START',1),(155,61,'ULC',1),(158,63,'ENGESA',1),(159,64,'CAMPER',1),(160,64,'MASTER',1),(161,10,'348',1),(162,10,'355',1),(163,10,'360',1),(164,10,'456',1),(165,10,'550',1),(166,10,'575M',1),(167,10,'612',1),(168,10,'CALIFORNIA',1),(169,10,'F430',1),(170,10,'F599',1),(171,3,'147',1),(174,3,'500',1),(175,3,'BRAVA',1),(176,3,'BRAVO',1),(178,3,'COUPE',1),(179,3,'DOBLO',1),(180,3,'DUCATO CARGO',1),(181,3,'DUNA',1),(182,3,'ELBA',1),(183,3,'FIORINO',1),(184,3,'FREEMONT',1),(185,3,'GRAND SIENA',1),(186,3,'IDEA',1),(187,3,'LINEA',1),(188,3,'MAREA',1),(189,3,'OGGI',1),(190,3,'PALIO',1),(191,3,'PANORAMA',1),(192,3,'PREMIO',1),(193,3,'PUNTO',1),(194,3,'SIENA',1),(195,3,'STILO',1),(196,3,'STRADA',1),(197,3,'TEMPRA',1),(198,3,'TIPO',1),(199,3,'UNO',1),(201,13,'AEROSTAR',1),(202,13,'ASPIRE',1),(203,13,'BELINA',1),(204,13,'CLUB WAGON',1),(205,13,'CONTOUR',1),(206,13,'CORCEL II',1),(207,13,'COURIER',1),(208,13,'CROWN VICTORIA',1),(209,13,'DEL REY',1),(210,13,'ECOSPORT',1),(211,13,'EDGE',1),(212,13,'ESCORT',1),(213,13,'EXPEDITION',1),(214,13,'EXPLORER',1),(215,13,'F-100',1),(216,13,'F-1000',1),(217,13,'F-150',1),(218,13,'F-250',1),(219,13,'FIESTA',1),(220,13,'FOCUS',1),(221,13,'FURGLAINE',1),(222,13,'FUSION',1),(223,13,'IBIZA',1),(224,13,'KA',1),(225,13,'MONDEO',1),(226,13,'MUSTANG',1),(227,13,'PAMPA',1),(228,13,'PROBE',1),(229,13,'RANGER',1),(230,13,'VERSAILLES ROYALE',1),(231,13,'TAURUS',1),(232,13,'THUNDERBIRD',1),(233,13,'TRANSIT',1),(234,13,'VERONA',1),(235,13,'VERSAILLES',1),(236,13,'WINDSTAR',1),(238,1,'A-10',1),(239,1,'A-20',1),(240,1,'AGILE',1),(241,1,'ASTRA',1),(242,1,'BLAZER',1),(243,1,'BONANZA',1),(245,1,'C-10',1),(246,1,'C-20',1),(247,1,'CALIBRA',1),(248,1,'CAMARO',1),(249,1,'CAPRICE',1),(250,1,'CAPTIVA',1),(251,1,'CARAVAN',1),(252,1,'CAVALIER',1),(253,1,'CELTA',1),(255,1,'CHEVY',1),(256,1,'CHEYNNE',1),(258,1,'COBALT',1),(259,1,'CORSA',1),(262,1,'CORVETTE',1),(263,1,'CRUZE',1),(264,1,'D-10',1),(265,1,'D-20',1),(266,1,'IPANEMA',1),(267,1,'KADETT',1),(268,1,'LUMINA',1),(269,1,'MALIBU',1),(271,1,'MERIVA',1),(272,1,'MONTANA',1),(274,1,'OMEGA',1),(275,1,'OPALA',1),(276,1,'PRISMA',1),(277,1,'S10',1),(280,1,'SILVERADO',1),(281,1,'SONIC',1),(282,1,'SONOMA',1),(283,1,'SPACEVAN',1),(284,1,'SS10',1),(285,1,'SUBURBAN',1),(287,1,'SYCLONE',1),(288,1,'TIGRA',1),(289,1,'TRACKER',1),(290,1,'TRAFIC',1),(291,1,'VECTRA',1),(292,1,'VERANEIO',1),(293,1,'ZAFIRA',1),(294,75,'HOVER',1),(295,17,'BR-800',1),(296,17,'CARAJAS',1),(297,17,'TOCANTINS',1),(298,17,'XAVANTE',1),(299,17,'VIP',1),(300,76,'TOWNER',1),(301,7,'ACCORD',1),(302,7,'CITY',1),(303,7,'CIVIC',1),(304,7,'CR-V',1),(305,7,'FIT',1),(306,7,'ODYSSEY',1),(307,7,'PASSPORT',1),(308,7,'PRELUDE',1),(309,14,'ACCENT',1),(310,14,'ATOS',1),(311,14,'AZERA',1),(312,14,'COUPE',1),(314,14,'ELANTRA',1),(315,14,'EXCEL',1),(316,14,'GALLOPER',1),(317,14,'GENESIS',1),(318,14,'H1',1),(319,14,'H100',1),(320,14,'HR',3),(321,14,'I30',1),(323,14,'IX35',1),(324,14,'MATRIX',1),(325,14,'PORTER',1),(326,14,'SANTA FE',1),(327,14,'SCOUPE',1),(328,14,'SONATA',1),(329,14,'TERRACAN',1),(330,14,'TRAJET',1),(331,14,'TUCSON',1),(332,14,'VELOSTER',1),(333,14,'VERACRUZ',1),(334,84,'AMIGO',1),(335,84,'HOMBRE',1),(336,84,'RODEO',1),(337,15,'J3',1),(338,15,'J5',1),(339,15,'J6',1),(340,86,'DAIMLER',1),(341,86,'S-TYPE',1),(342,86,'X-TYPE',1),(345,86,'MODELOS XJ',1),(352,86,'MODELOS XK',1),(354,87,'CHEROKEE',1),(355,87,'COMMANDER',1),(356,87,'COMPASS',1),(357,87,'GRAND CHEROKEE',1),(358,87,'WRANGLER',1),(359,88,'TOPIC VAN',1),(360,89,'JIPE MONTEZ',1),(361,89,'PICAPE MONTEZ',1),(362,16,'BESTA',1),(363,16,'BONGO',1),(364,16,'CADENZA',1),(365,16,'CARENS',1),(366,16,'CARNIVAL',1),(367,16,'CERATO',1),(368,16,'CERES',1),(369,16,'CLARUS',1),(370,16,'MAGENTIS',1),(371,16,'MOHAVE',1),(372,16,'OPIRUS',1),(373,16,'OPTIMA',1),(374,16,'PICANTO',1),(375,16,'SEPHIA',1),(376,16,'SHUMA',1),(377,16,'SORENTO',1),(378,16,'SOUL',1),(379,16,'SPORTAGE',1),(380,94,'LAIKA',1),(381,94,'NIVA',1),(382,94,'SAMARA',1),(383,12,'GALLARDO',1),(384,12,'MURCIELAGO',1),(385,96,'DEFENDER',1),(386,96,'DISCOVERY',1),(389,96,'FREELANDER',1),(391,96,'NEW RANGE',1),(392,96,'RANGE ROVER',1),(393,97,'ES',1),(396,97,'GS',1),(397,97,'IS-300',1),(398,97,'LS',1),(400,97,'RX',1),(402,97,'SC',1),(403,98,'320',1),(404,98,'620',1),(405,100,'H1',1),(406,101,'ELAN',1),(407,101,'ESPRIT',1),(408,102,'SCORPIO',1),(409,104,'222',1),(410,104,'228',1),(411,104,'3200',1),(412,104,'430',1),(413,104,'COUPE',1),(414,104,'GHIBLI',1),(415,104,'GRANCABRIO',1),(416,104,'GRANSPORT',1),(417,104,'GRANTURISMO',1),(418,104,'QUATTROPORTE',1),(419,104,'SHAMAL',1),(420,104,'SPIDER',1),(422,106,'PICK-UP',1),(423,108,'323',1),(424,108,'626',1),(425,108,'929',1),(426,108,'B-2500',1),(427,108,'B2200',1),(428,108,'MILLENIA',1),(429,108,'MPV',1),(430,108,'MX-3',1),(431,108,'MX-5',1),(432,108,'NAVAJO',1),(433,108,'PROTEGE',1),(434,108,'RX',1),(467,4,'CLASSE A',1),(468,4,'CLASSE B',1),(469,4,'CLASSE R',1),(498,4,'CLASSE GLK',1),(531,4,'SPRINTER',1),(532,110,'MYSTIQUE',1),(533,110,'SABLE',1),(534,112,'550',1),(535,112,'MG6',1),(536,113,'COOPER',1),(537,113,'ONE',1),(538,111,'3000',1),(539,111,'AIRTREK',1),(540,111,'ASX',1),(541,111,'COLT',1),(542,111,'DIAMANT',1),(543,111,'ECLIPSE',1),(544,111,'EXPO',1),(545,111,'GALANT',1),(546,111,'GRANDIS',1),(547,111,'L200',1),(548,111,'L300',1),(549,111,'LANCER',1),(550,111,'MIRAGE',1),(551,111,'MONTERO',1),(552,111,'OUTLANDER',1),(553,111,'PAJERO',1),(554,111,'SPACE WAGON',1),(555,114,'BG-TRUCK',1),(556,43,'350Z',1),(557,43,'ALTIMA',1),(558,43,'AX',1),(559,43,'D-21',1),(560,43,'FRONTIER',1),(562,43,'KING-CAB',1),(563,43,'LIVINA',1),(564,43,'MARCH',1),(565,43,'MAXIMA',1),(567,43,'MURANO',1),(568,43,'NX',1),(569,43,'PATHFINDER',1),(571,43,'PRIMERA',1),(572,43,'QUEST',1),(573,43,'SENTRA',1),(574,43,'STANZA',1),(575,43,'180SX',1),(576,43,'TERRANO',1),(577,43,'TIIDA',1),(578,43,'VERSA',1),(579,43,'X-TRAIL',1),(580,43,'XTERRA',1),(581,43,'ZX',1),(582,22,'106',1),(583,22,'205',1),(584,22,'206',1),(585,22,'207',1),(586,22,'3008',1),(587,22,'306',1),(588,22,'307',1),(589,22,'308',1),(590,22,'405',1),(591,22,'406',1),(592,22,'407',1),(593,22,'408',1),(594,22,'504',1),(595,22,'505',1),(596,22,'508',1),(597,22,'605',1),(598,22,'607',1),(599,22,'806',1),(600,22,'807',1),(601,22,'BOXER',1),(602,22,'HOGGAR',1),(603,22,'PARTNER',1),(604,22,'RCZ',1),(605,123,'GRAN VOYAGER',1),(606,123,'SUNDANCE',1),(607,69,'TRANS-AM',1),(608,69,'TRANS-SPORT',1),(609,70,'911',1),(612,70,'BOXSTER',1),(613,70,'CAYENNE',1),(614,70,'CAYMAN',1),(615,70,'PANAMERA',1),(617,24,'21 SEDAN',1),(618,24,'CLIO',1),(619,24,'DUSTER',1),(620,24,'EXPRESS',1),(621,24,'FLUENCE',1),(622,24,'KANGOO',1),(623,24,'LAGUNA',1),(624,24,'LOGAN',1),(625,24,'MASTER',1),(626,24,'MEGANE',1),(627,24,'SAFRANE',1),(628,24,'SANDERO',1),(629,24,'SCENIC',1),(630,24,'SYMBOL',1),(631,24,'TRAFIC',1),(632,24,'TWINGO',1),(634,137,'9000',1),(635,162,'SL-2',1),(636,130,'CORDOBA',1),(637,130,'IBIZA',1),(638,130,'INCA',1),(641,142,'FORTWO',1),(642,21,'ACTYON SPORTS',1),(643,21,'CHAIRMAN',1),(644,21,'ISTANA',1),(645,21,'KORANDO',1),(646,21,'KYRON',1),(647,21,'MUSSO',1),(648,21,'REXTON',1),(649,8,'FORESTER',1),(650,8,'IMPREZA',1),(651,8,'LEGACY',1),(652,8,'OUTBACK',1),(653,8,'SVX',1),(654,8,'TRIBECA',1),(655,8,'VIVIO',1),(656,59,'BALENO',1),(657,59,'GRAND VITARA',1),(658,59,'IGNIS',1),(660,59,'JIMNY',1),(662,59,'SUPER CARRY',1),(663,59,'SWIFT',1),(664,59,'SX4',1),(665,59,'VITARA',1),(666,59,'WAGON R',1),(667,146,'STARK',1),(668,23,'AVALON',1),(669,23,'BANDEIRANTE',1),(670,23,'CAMRY',1),(671,23,'CELICA',1),(672,23,'COROLLA',1),(673,23,'CORONA',1),(674,23,'HILUX',1),(675,23,'LAND CRUISER',1),(676,23,'MR-2',1),(677,23,'PASEO',1),(678,23,'PREVIA',1),(679,23,'RAV4',1),(680,23,'SUPRA',1),(682,149,'PANTANAL',1),(684,149,'T-4',1),(685,53,'400 SERIES',1),(687,53,'850',1),(688,53,'900 SERIES',1),(700,2,'AMAROK',1),(701,2,'APOLLO',1),(702,2,'BORA',1),(703,2,'CARAVELLE',1),(704,2,'CORRADO',1),(706,2,'EOS',1),(707,2,'EUROVAN',1),(708,2,'FOX',1),(709,2,'FUSCA',1),(710,2,'GOL',1),(711,2,'GOLF',1),(713,2,'JETTA',1),(714,2,'KOMBI',1),(715,2,'LOGUS',1),(717,2,'PARATI',1),(718,2,'PASSAT',1),(719,2,'POINTER',1),(720,2,'POLO',1),(722,2,'SANTANA',1),(723,2,'SAVEIRO',1),(725,2,'SPACEFOX',1),(726,2,'TIGUAN',1),(727,2,'TOUAREG',1),(729,2,'VOYAGE',1),(732,25,'ZDX',1),(734,4,'1113',3),(735,4,'1214',3),(736,4,'1318',3),(737,3,'140',1),(738,4,'1519',3),(739,4,'1614',3),(740,4,'1620',3),(746,27,'7000D',3),(748,4,'709',3),(749,4,'710',3),(750,4,'912',3),(753,4,'2000',3),(754,7,'BIZ',2),(755,2,'BRASILIA',1),(756,13,'BRASILVAN',1),(761,7,'CB 300R',2),(763,7,'CB 400',2),(764,7,'CB 500',2),(765,7,'CB 600 HORNET',2),(766,7,'CBR 1000F',2),(767,7,'FIREBLADE CBR',2),(768,7,'CBR 450',2),(769,7,'CBR 600',2),(771,7,'TWISTER CBX 250',2),(772,7,'CBX 750F',2),(773,7,'CG FAN',2),(774,7,'CG TITAN',2),(775,13,'CORCEL',1),(777,135,'CRYPTON T115',2),(778,133,'CRZ',2),(779,59,'V-STROM DL',2),(780,135,'DT 200',2),(781,27,'ELEFANTRE',2),(783,140,'FUTURE',2),(785,136,'GR 500',2),(786,136,'GRI 50',2),(787,59,'GSX',2),(788,59,'GSX-R GIXXER/SRAD',2),(791,135,'FAZER YS250',2),(792,135,'FACTOR YBR125',2),(796,135,'YZF R1',2),(800,135,'VIRAGO 250',2),(803,3,'PALIO WEEKEND',1),(806,13,'FOCUS SEDAN',1),(807,13,'FIESTA SEDAN',1),(808,13,'FIESTA TRAIL',1),(810,22,'207 SW',1),(811,13,'ESCORT SW',1),(812,22,'307 SEDAN',1),(813,22,'307 SW',1),(815,5,'C4 PALLAS',1),(816,5,'C4 PICASSO',1),(817,5,'C4 VTR',1),(818,24,'CLIO SEDAN',1),(819,23,'COROLLA FIELDER',1),(824,23,'HILUX SW4',1),(825,24,'MEGANE GRAND TOUR',1),(827,24,'SANDERO STEPWAY',1),(829,5,'XSARA PICASSO',1),(833,27,'CITY',2),(834,27,'DAKAR',2),(835,27,'ELEFANT',2),(836,27,'FORCE',2),(837,27,'JUNIOR',2),(838,27,'SST',2),(839,27,'SUPER CITY',2),(840,27,'SXT',2),(841,27,'TCHAU',2),(842,177,'AME-110',2),(843,177,'AME-150',2),(844,177,'AME-250',2),(845,177,'AME-LX',2),(846,178,'AREA-51',2),(847,178,'CLASSIC',2),(848,178,'LEONARDO',2),(849,178,'MOTO',2),(850,178,'PEGASO',2),(851,178,'RALLY',2),(852,178,'RS',2),(853,178,'RSV MILLE',2),(854,178,'RX',2),(855,178,'SCARABEO',2),(858,178,'SONIC',2),(859,178,'SR RACING',2),(860,178,'SR WWW',2),(861,179,'CALIFFONE',2),(862,179,'MASTER',2),(863,179,'SKEGIA',2),(864,180,'CHAMPION',2),(865,180,'CLASSIC',2),(866,181,'TNT',2),(869,181,'TRE',2),(870,182,'MX-50',2),(872,183,'DB4',2),(873,183,'DB5R',2),(874,183,'DB6',2),(875,183,'DB6R',2),(876,183,'DB7',2),(877,183,'MANTRA',2),(878,183,'SBR8',2),(879,183,'TESI',2),(882,36,'G650GS',2),(891,36,'S1000RR',2),(892,184,'ELEGANT',2),(893,184,'FOSTI',2),(894,184,'PISTA',2),(895,184,'TURBO',2),(896,184,'ZANELLA',2),(897,185,'YB',2),(898,186,'CAN-AM',2),(900,187,'1125',2),(902,187,'FIREBOLT',2),(904,187,'LIGHTNING',2),(905,187,'ULYSSES',2),(906,188,'JBR',2),(908,190,'CANYON',2),(909,190,'ELEFANT',2),(910,190,'GRAN CANYON',2),(911,190,'MITO',2),(912,190,'NAVIGATOR',2),(913,190,'PLANET',2),(914,190,'ROADSTER',2),(915,190,'V-RAPTOR',2),(916,190,'W-16',2),(917,191,'MOBILETE',2),(919,192,'ALTINO',2),(920,192,'MESSAGE',2),(921,192,'VC',2),(922,192,'VF',2),(923,192,'VS',2),(924,192,'VT',2),(925,192,'VX',2),(926,193,'APACHE',2),(927,193,'CITYCOM',2),(928,193,'KANSAS',2),(929,193,'LASER',2),(930,193,'NEXT',2),(931,193,'RIVA',2),(932,193,'ROADWIN',2),(933,193,'SMART',2),(934,193,'SPEED',2),(935,193,'SUPER',2),(936,193,'ZIG',2),(937,194,'DY100-31',2),(938,194,'DY110-20',2),(939,194,'DY125-18',2),(940,194,'DY125-36A',2),(941,194,'DY125-37',2),(942,194,'DY125-5',2),(943,194,'DY125-52',2),(944,194,'DY150-12',2),(945,194,'DY200',2),(946,195,'SUMMER',2),(947,195,'DY125-8',2),(948,195,'SPACE',2),(949,195,'PHANTON',2),(950,195,'CITY',2),(951,195,'DY150GY',2),(952,195,'CARGO 150',2),(953,195,'CARGO 200',2),(954,195,'DY250-2',2),(955,196,'ATLANTIS',2),(956,196,'GPR',2),(957,196,'PREDATOR',2),(958,196,'RED BULLET',2),(959,196,'REPLICAS',2),(960,196,'SENDA',2),(961,197,'1098',2),(962,197,'1198',2),(963,197,'749',2),(964,197,'848',2),(965,197,'996',2),(966,197,'998',2),(967,197,'999',2),(968,197,'999R',2),(969,197,'DESMOSEDICI',2),(970,197,'DIAVEL',2),(971,197,'HYPERMOTARD',2),(972,197,'MONSTER',2),(973,197,'MULTISTRADA',2),(974,197,'SPORTCLASSIC',2),(975,197,'SS',2),(976,197,'ST-2',2),(977,197,'ST-4',2),(978,197,'STREETFIGHTER',2),(979,198,'MIRAGE',2),(980,198,'ONE',2),(981,198,'ONE RACING',2),(984,200,'FY100-10A',2),(985,200,'FY125-19',2),(986,200,'FY125-20',2),(987,200,'FY125EY-2',2),(988,200,'FY125Y-3',2),(989,200,'FY150-3',2),(990,200,'FY150T-18',2),(991,200,'FY250',2),(992,136,'GR08T4',2),(993,136,'GR 125S/ST',2),(995,136,'GR125T3',2),(996,136,'GR125U',2),(997,136,'GR 125Z',2),(998,136,'GR 150P/PI',2),(1000,136,'GR150ST',2),(1001,136,'GR150T3',2),(1002,136,'GR150TI',2),(1003,136,'GR150U',2),(1004,136,'GR250T3',2),(1005,201,'ENDUCROSS',2),(1006,201,'ROOKIE ENDURO',2),(1007,201,'BOY',2),(1008,201,'MC',2),(1009,201,'PAMPERA',2),(1010,201,'TX BOY',2),(1011,201,'TXT',2),(1012,201,'TXT ROOKIE',2),(1013,202,'EASY',2),(1014,202,'RUNNER',2),(1015,202,'SAFARI',2),(1016,202,'SPORT',2),(1018,203,'HB-110',2),(1019,203,'HB-125',2),(1020,203,'HB-150',2),(1022,204,'SOFTAIL',2),(1026,204,'TOURING ROAD KING',2),(1027,204,'TOURING ELECTRA GLIDE',2),(1028,204,'DYNA',2),(1038,204,'V-ROD',2),(1041,205,'LEGION',2),(1042,206,'ANKUR',2),(1043,206,'PUCH',2),(1044,206,'STREAM',2),(1045,7,'AMERICA',2),(1047,7,'CB 1000R',2),(1048,7,'CB 1300',2),(1049,7,'SUPERBLACKBIRD CBR 1100XX',2),(1050,7,'CBR 250',2),(1052,7,'AERO CBX 150',2),(1053,7,'STRADA CBX 200',2),(1054,7,'CH 125R',2),(1055,7,'CR 85',2),(1061,7,'GL GOLD WING',2),(1062,7,'LEAD',2),(1063,7,'MAGNA VF 750C',2),(1064,7,'NX 200/250',2),(1066,7,'NX 350 SAHARA',2),(1067,7,'NX 400 FALCON',2),(1069,7,'NXR BROS',2),(1070,7,'POP 100',2),(1074,7,'SUPER HAWK',2),(1075,7,'TRX',2),(1077,7,'VALKYRIE',2),(1078,7,'VFR 1200',2),(1083,7,'VTX',2),(1084,7,'VARADERO XL 1000V',2),(1085,7,'XL',2),(1086,7,'XL 700V TRANSALP',2),(1087,7,'XLR',2),(1088,7,'XLX',2),(1089,7,'VLR 350',2),(1091,7,'XR',2),(1092,7,'TORNADO XR 250',2),(1094,7,'XRE 300',2),(1095,207,'FE',2),(1098,208,'CR',2),(1099,208,'HUSQY',2),(1100,208,'SM',2),(1101,208,'SMR',2),(1102,208,'TC',2),(1103,208,'TE',2),(1104,208,'WR',2),(1105,208,'WRE',2),(1106,209,'ACTION',2),(1107,209,'BRAVE',2),(1108,209,'MATRIX',2),(1109,209,'MOVING',2),(1110,209,'ONE',2),(1111,209,'VINTAGE',2),(1112,209,'WARRIOR',2),(1113,210,'JP',2),(1115,211,'BARHOG',2),(1116,211,'PROSTREET',2),(1117,211,'SPYDER',2),(1118,212,'ATLANTIC',2),(1119,212,'HYPE',2),(1120,212,'JONNY',2),(1121,212,'ORBIT',2),(1122,212,'PEGASUS',2),(1123,212,'QUICK',2),(1124,212,'TR',2),(1126,213,'TOP',2),(1127,213,'DUAL',2),(1130,133,'COMET GT 650',2),(1131,133,'COMET GT-R 650',2),(1132,133,'CRUISE',2),(1134,133,'ERO',2),(1135,133,'FLASH',2),(1136,133,'FURIA',2),(1137,133,'GF',2),(1139,133,'MAGIK',2),(1140,133,'MIDAS',2),(1141,133,'MIRAGE',2),(1142,133,'MOTOKAR',2),(1143,133,'PRIMA',2),(1144,133,'RX',2),(1145,133,'SETA',2),(1146,133,'SOFT',2),(1147,133,'SUPER CAB',2),(1148,133,'TN',2),(1149,133,'WAY',2),(1150,133,'WIN',2),(1151,170,'AVAJET',2),(1152,170,'CONCOURS',2),(1153,170,'D-TRACKER',2),(1154,170,'ER-6N',2),(1156,170,'KLX 110/140',2),(1157,170,'KX 100/125',2),(1158,170,'KZ',2),(1159,170,'MAXI',2),(1160,170,'NINJA 250',2),(1161,170,'VERSYS',2),(1162,170,'VOYAGER',2),(1163,170,'VULCAN',2),(1166,170,'ZZR',2),(1167,214,'DJW',2),(1168,214,'MBOY',2),(1169,214,'PEOPLE',2),(1170,214,'ZING',2),(1182,215,'AKROS',2),(1183,215,'ERGON',2),(1184,215,'NIX',2),(1186,216,'MOTO TRUCK',2),(1187,217,'QUATTOR',2),(1188,218,'FORMIGAO',2),(1190,98,'CARGO',2),(1191,219,'DE LUXE',2),(1192,219,'E RETRO',2),(1193,219,'LY',2),(1194,220,'TRICICLO',2),(1195,221,'CIAK',2),(1196,221,'SPIDER',2),(1197,222,'DRAGO',2),(1198,222,'EASY',2),(1199,222,'FAST',2),(1200,222,'SKEMA',2),(1201,222,'VITE',2),(1202,223,'CALIFORNIA',2),(1203,223,'QUOTA',2),(1204,223,'V11',2),(1205,223,'LE MANS',2),(1206,224,'230R',2),(1207,225,'BRUTALE',2),(1208,225,'F4',2),(1209,226,'BIG FORCE',2),(1210,226,'BLACK STAR',2),(1211,226,'BRX',2),(1212,226,'DUAL',2),(1213,226,'FENIX GOLD',2),(1214,226,'FOX',2),(1215,226,'GO',2),(1216,226,'HALLEY',2),(1217,226,'FENIX',2),(1218,226,'JURASIC',2),(1219,226,'MA',2),(1222,226,'SIMBA',2),(1223,226,'SPORT',2),(1224,226,'SPYDER',2),(1225,226,'STREET',2),(1226,226,'SUPER',2),(1227,226,'XRT',2),(1228,227,'AX',2),(1229,227,'JC',2),(1230,227,'QM',2),(1231,228,'BR III',2),(1232,22,'BUXY',2),(1233,22,'ELYSEO',2),(1234,22,'SCOOTELEC',2),(1235,22,'SPEEDAKE',2),(1236,22,'SPEEDFIGHT',2),(1237,22,'SQUAB',2),(1238,22,'TREKKER',2),(1239,22,'VIVACITY',2),(1240,22,'ZENITH',2),(1241,229,'BEVERLY',2),(1242,229,'LIBERTY',2),(1243,229,'MP3',2),(1244,229,'NRG',2),(1245,229,'RUNNER',2),(1246,229,'VESPA',2),(1247,229,'ZIP',2),(1248,230,'BLACK JACK',2),(1249,230,'FENIX GOLD',2),(1250,230,'GHOST',2),(1251,230,'SPYDER',2),(1252,231,'ENJOY',2),(1253,231,'HUSKY',2),(1254,231,'PASSING',2),(1255,132,'RACING 200',2),(1256,232,'SCROSS',2),(1257,140,'AKROS',2),(1258,140,'ERGON',2),(1259,140,'FIFTY',2),(1260,140,'HUNTER',2),(1261,140,'MAX',2),(1262,140,'PALIO',2),(1263,140,'PGO',2),(1264,140,'STX',2),(1265,140,'STX MOTARD',2),(1266,140,'SUPER FIFTY',2),(1267,140,'VBLADE',2),(1268,140,'WEB',2),(1269,140,'WEB EVO',2),(1270,59,'ADDRESS',2),(1272,59,'BANDIT 250',2),(1273,59,'BOULEVARD',2),(1274,59,'BURGMAN AN',2),(1276,59,'DR',2),(1278,59,'FREEWIND 650',2),(1279,59,'GS 500',2),(1280,59,'GSR',2),(1282,59,'INTRUDER',2),(1283,59,'KATANA',2),(1284,59,'LETS II',2),(1285,59,'LT',2),(1286,59,'MARAUDER GZ',2),(1287,59,'RF',2),(1288,59,'RM 250',2),(1289,59,'SAVAGE',2),(1290,59,'TL',2),(1291,59,'VX 800',2),(1292,233,'TRIMOTO',2),(1293,234,'CJ',2),(1294,234,'JH',2),(1295,234,'JL',2),(1296,234,'STAR 50',2),(1297,234,'WORK 125',2),(1298,234,'SKY 125',2),(1299,234,'FLY 135',2),(1300,234,'BEST',2),(1301,148,'ADVENTURER',2),(1302,148,'BONNEVILLE',2),(1303,148,'DAYTONA',2),(1304,148,'LEGEND',2),(1305,148,'ROCKET',2),(1306,148,'SCRAMBLER',2),(1307,148,'SPEED TRIPLE',2),(1308,148,'SPRINT',2),(1309,148,'STREET TRIPLE',2),(1310,148,'THRUXTON',2),(1311,148,'THUNDERBIRD',2),(1312,148,'TIGER',2),(1313,148,'TRIDENT',2),(1314,148,'TROPHY',2),(1315,148,'TT-600',2),(1316,235,'REBELLIAN',2),(1317,235,'TRITON',2),(1318,235,'VTHUNDER',2),(1319,236,'WY',2),(1321,135,'AXIS',2),(1322,135,'BWS',2),(1327,135,'JOG',2),(1328,135,'MAJESTY',2),(1329,135,'MT-03',2),(1331,135,'NEO AT',2),(1333,135,'RD 135',2),(1335,135,'ROYAL STAR',2),(1337,135,'TDM',2),(1338,135,'TDR 180',2),(1339,135,'TRX',2),(1340,135,'TT-R',2),(1341,135,'V-MAX 1200',2),(1342,135,'WR 250F',2),(1344,135,'XJR',2),(1345,135,'XT 660R',2),(1346,135,'XTZ 125',2),(1348,135,'MIDNIGHT STAR XVS',2),(1350,135,'YFS',2),(1360,131,'COLHEITADEIRA',1),(1361,158,'PICKUP F75',1),(1362,17,'X12',1),(1363,59,'YES EN 125',2),(1365,1,'BEL AIR',1),(1366,36,'RX',1),(1369,1,'C-14',1),(1370,155,'SRX4',1),(1372,1,'C-15',1),(1373,1,'BRASIL',1),(1377,18,'POLARA',1),(1380,3,'600',1),(1382,13,'F-01',1),(1383,13,'FALCON',1),(1384,13,'GALAXIE',1),(1386,13,'MAVERICK',1),(1387,13,'MODELO A',1),(1388,13,'NEW FIESTA',1),(1389,82,'LINHA FX',1),(1391,124,'GTS',1),(1392,80,'H3',1),(1393,7,'SHADOW',2),(1394,14,'PRIME',1),(1395,14,'TIBURON',1),(1397,87,'JEEP',1),(1398,87,'CJ5',1),(1399,239,'TC',1),(1404,4,'CLASSE CLC',1),(1405,4,'CLASSE CLS',1),(1408,110,'MONTEREY',1),(1411,114,'TOPSPORT',1),(1412,114,'TARGA',1),(1414,114,'X8',1),(1415,43,'370Z',1),(1418,124,'GTB',1),(1419,124,'GTC',1),(1420,124,'GTE',1),(1421,115,'AUSTIN',1),(1423,24,'7TL',1),(1424,24,'19',1),(1426,175,'CONVERS™VEL',1),(1427,17,'SUPERMINI',1),(1428,2,'TL',1),(1429,3,'TOPOLINO',1),(1430,23,'SR5',1),(1431,23,'VITZ',1),(1432,2,'VARIANT',1),(1442,246,'XM',2),(1450,253,'LAMBRETA',2),(1452,164,'TRAILER',3),(1453,13,'F-12000',3),(1454,57,'CANDANGO',1),(1460,2,'SP2',1),(1461,2,'MASCARELLO',3),(1462,2,'GRANMICRO',3),(1466,258,'RECORB',1),(1467,2,'POLAUTO',1),(1482,263,'ONIBUS',3),(1483,266,'GUINDASTE',3),(1508,24,'GORDINI',1),(1509,265,'MINX',1),(1511,266,'EMPILHADEIRA',3),(1518,269,'SCOOTER',2),(1519,242,'112',3),(1521,27,'10000',3),(1522,27,'13000',3),(1523,27,'14000',3),(1524,27,'1600',3),(1525,27,'1800',3),(1526,27,'4500',3),(1527,27,'5000',3),(1528,27,'6000',3),(1529,27,'7000',3),(1530,27,'7500',3),(1531,27,'8000',3),(1532,27,'8500',3),(1533,27,'8700',3),(1534,27,'9200',3),(1536,1,'D-12000',3),(1537,1,'D-13000',3),(1538,1,'D-14000',3),(1539,1,'19000',3),(1540,1,'21000',3),(1541,1,'22000',3),(1542,1,'D-6000',3),(1543,1,'C-60',3),(1544,1,'D-40',3),(1545,1,'D-60',3),(1546,1,'D-70',3),(1549,61,'JBC',3),(1550,61,'N601',3),(1551,61,'N900',3),(1552,3,'190',3),(1626,13,'CARGO',3),(1627,13,'F-11000',3),(1629,13,'F-13000',3),(1630,13,'F-14000',3),(1631,13,'F-16000',3),(1632,13,'F-19000',3),(1633,13,'F-2000',3),(1634,13,'F-21000',3),(1635,13,'F-22000',3),(1636,13,'F-350',3),(1637,13,'F-4',3),(1638,13,'F-4000',3),(1639,13,'F-7000',3),(1640,13,'F-MAXX',3),(1641,1,'12-170',3),(1642,1,'14-190',3),(1643,1,'15-190',3),(1644,1,'16-220',3),(1645,1,'3500',3),(1646,1,'mai/90',3),(1647,1,'6-100',3),(1648,1,'6-150',3),(1649,1,'7-110',3),(1650,14,'HD78',3),(1651,85,'CITYCLASS',3),(1652,85,'CURSOR',3),(1653,85,'DAILY',3),(1661,85,'EUROCARGO',3),(1664,85,'EUROTECH',3),(1665,85,'EUROTRAKKER',3),(1666,85,'POWERSTAR',3),(1667,85,'STRALIS',3),(1670,85,'TECTOR',3),(1671,85,'TRAKKER',3),(1672,85,'VERTIS',3),(1673,274,'TGX',3),(1679,4,'1114',3),(1681,4,'1215',3),(1682,4,'1218',3),(1684,4,'1414',3),(1686,4,'1420',3),(1687,4,'1714',3),(1689,4,'1720',3),(1690,4,'1721',3),(1691,4,'1723',3),(1693,4,'1938',3),(1694,4,'1944-S',3),(1695,4,'2038',3),(1696,4,'2418',3),(1697,4,'2423',3),(1699,4,'2638',3),(1700,4,'2726',3),(1701,4,'608',3),(1702,4,'708',3),(1705,4,'712',3),(1707,4,'914',3),(1709,4,'ACCELO',3),(1710,4,'ACTROS',3),(1711,4,'ATEGO',3),(1712,4,'ATILIS',3),(1713,4,'ATRON',3),(1714,4,'AXOR',3),(1717,4,'L-1117',3),(1718,4,'L-1118',3),(1721,4,'L-1313',3),(1722,4,'L-1314',3),(1724,4,'L-1317',3),(1726,4,'L-1319',3),(1730,4,'L-1514',3),(1732,4,'L-1517',3),(1735,4,'1520',3),(1744,4,'L-2014',3),(1745,4,'L-2017',3),(1746,4,'L-2213',3),(1747,4,'L-2214',3),(1748,4,'L-2215',3),(1749,4,'L-2216',3),(1750,4,'L-2217',3),(1752,4,'L-2220',3),(1753,4,'L-2225',3),(1754,4,'L-2314',3),(1755,4,'L-2318',3),(1756,4,'L-2325',3),(1757,4,'2635',3),(1771,4,'LS-1632',3),(1780,4,'LS-1941',3),(1783,275,'DURASTAR',3),(1784,275,'INTERNATIONAL',3),(1792,124,'7900',3),(1793,124,'9000',3),(1794,124,'914',3),(1795,137,'R-112',3),(1796,137,'R-142',3),(1797,137,'T-112',3),(1798,137,'T-142',3),(1800,242,'380',3),(1801,242,'400',3),(1802,242,'420',3),(1803,242,'440',3),(1804,242,'470',3),(1805,242,'480',3),(1806,242,'111',3),(1807,242,'141',3),(1808,242,'114',3),(1810,242,'230',3),(1811,242,'P-250',3),(1812,242,'P-270',3),(1813,242,'P-310',3),(1814,242,'P-340',3),(1817,242,'93',3),(1818,242,'94',3),(1822,242,'143',3),(1823,242,'164',3),(1830,242,'R-500',3),(1831,242,'R-560',3),(1832,242,'R-580',3),(1833,242,'R-620',3),(1839,277,'HOWO',3),(1840,2,'11-130',3),(1841,2,'11-140',3),(1842,2,'12-170',3),(1843,2,'12-180',3),(1844,2,'13-130',3),(1845,2,'13-150',3),(1846,2,'13-170',3),(1849,2,'14-140',3),(1850,2,'14-150',3),(1851,2,'14-170',3),(1852,2,'14-180',3),(1853,2,'14-200',3),(1854,2,'14-210',3),(1855,2,'14-220',3),(1856,2,'15-170',3),(1859,2,'16-170',3),(1860,2,'16-200',3),(1861,2,'16-210',3),(1862,2,'16-220',3),(1863,2,'16-300',3),(1864,2,'17-180',3),(1866,2,'17-210',3),(1867,2,'17-220',3),(1869,2,'17-280',3),(1870,2,'17-300',3),(1871,2,'17-310',3),(1873,2,'17-330',3),(1874,2,'18-310',3),(1876,2,'19-330',3),(1878,2,'19-390',3),(1879,2,'22-140',3),(1880,2,'22-160',3),(1881,2,'22-210',3),(1882,2,'23-210',3),(1883,2,'23-220',3),(1884,2,'23-250',3),(1885,2,'23-310',3),(1886,2,'24-220',3),(1888,2,'24-280',3),(1890,2,'24-330',3),(1893,2,'25-390',3),(1894,2,'26-220',3),(1896,2,'26-280',3),(1897,2,'26-300',3),(1898,2,'26-310',3),(1900,2,'26-390',3),(1902,2,'31-280',3),(1903,2,'31-310',3),(1905,2,'31-330',3),(1907,2,'31-390',3),(1908,2,'35-300',3),(1909,2,'40-300',3),(1912,2,'jun/80',3),(1913,2,'jun/90',3),(1914,2,'7-100',3),(1915,2,'7-110',3),(1916,2,'jul/90',3),(1917,2,'8-100',3),(1918,2,'8-120',3),(1919,2,'8-140',3),(1924,2,'L-80',3),(1925,53,'FH SERIES',3),(1926,53,'FH GLOBETROTTER SERIES',3),(1938,53,'FM SERIES',3),(1944,53,'FMX SERIES',3),(1951,53,'N SERIES',3),(1953,53,'NH SERIES',3),(1954,53,'NL SERIES',3),(1956,53,'VM SERIES',3),(1967,176,'ATV',2),(1968,176,'JAGUAR',2),(1970,176,'RT',2),(1971,23,'ETIOS',1),(1972,1,'ONIX',1),(1973,14,'HB20',1),(1975,36,'330',1),(1976,36,'520',1),(1978,36,'730',1),(1980,36,'M1',1),(1982,36,'SERIE Z',1),(1983,4,'CLASSE SLK',1),(1984,4,'CLASSE C',1),(1985,4,'CLASSE E',1),(1986,4,'CLASSE CL',1),(1987,4,'CLASSE CLK',1),(1988,4,'CLASSE S',1),(1989,4,'CLASSE SL',1),(1990,4,'CLASSE SLS',1),(1991,4,'CLASSE G',1),(1992,4,'CLASSE GL',1),(1993,4,'CLASSE M',1),(1994,2,'11-160',3),(1995,2,'12-140',3),(1996,2,'17-230',3),(1997,2,'24-230',3),(1998,2,'28-440',3),(1999,2,'29-440',3),(2000,2,'31-440',3),(2001,2,'33-440',3),(2002,2,'16-180',3),(2003,2,'17-240',3),(2004,2,'17-260',3),(2005,2,'18-320',3),(2006,2,'18-330',3),(2007,2,'15-210',3),(2011,281,'ZS 200',2),(2012,282,'BW 125',2),(2016,4,'1516',3),(2018,4,'1935',3),(2019,4,'2555',3),(2020,4,'0-400',3),(2021,284,'BI-TREM',3),(2022,285,'BITREM',3),(2023,4,'1513',3),(2024,1,'D-1200',3),(2025,13,'F-3500',3),(2026,13,'F-600',3),(2027,4,'2219',3),(2028,4,'1313',3),(2029,85,'35-10',3),(2032,288,'1500',1),(2033,1,'MARTA-ROCHA',3),(2038,4,'1929',3),(2040,254,'KART',2),(2042,242,'124',3),(2051,4,'1618',3),(2052,4,'1934',3),(2053,4,'1924',3),(2054,4,'1634',3),(2057,7,'DREAM',2),(2058,135,'RX',2),(2060,13,'F-400',3),(2061,14,'EQUUS',1),(2062,270,'MOTOR-HOME',3),(2064,292,'PA CARREGADEIRA',3),(2065,294,'WALK MACHINE',2),(2067,12,'350 GT',1),(2068,12,'400 GT',1),(2069,12,'MIURA',1),(2070,12,'ISLERO',1),(2071,12,'ESPADA',1),(2072,12,'COUNTACH',1),(2073,12,'DIABLO',1),(2074,12,'ZAGATO',1),(2075,12,'ALAR',1),(2076,12,'LM002',1),(2077,12,'REVENTON',1),(2078,12,'ANKONIAN',1),(2080,12,'AVENTADOR',1),(2081,12,'SESTO ELEMENTO',1),(2082,15,'J3 TURIN',1),(2083,15,'J2',1),(2084,24,'SANDERO GT',1),(2085,263,'MICRO-ONIBUS',3),(2087,1,'SPIN',1),(2088,1,'TRAILBLAZER',1),(2097,5,'C3 PICASSO',1),(2098,5,'GRAND C4 PICASSO',1),(2099,5,'JUMPER MINIBUS',1),(2100,5,'JUMPER VETRATO',1),(2101,22,'207 SEDAN',1),(2102,22,'207 QUIKSILVER',1),(2103,22,'207 ESCAPADE',1),(2104,22,'308 CC',1),(2105,22,'BOXER PASSAGEIRO',1),(2106,13,'NEW FIESTA SEDAN',1),(2108,13,'TRANSIT PASSAGEIRO',1),(2109,13,'TRANSIT CHASSI',1),(2110,32,'A4 AVANT',1),(2111,32,'S4 AVANT',1),(2112,32,'A5 SPORTBACK',1),(2113,32,'A5 CABRIOLET',1),(2114,32,'S5 COUPE',1),(2115,32,'S5 SPORTBACK',1),(2116,32,'S5 CABRIOLET',1),(2117,32,'A6 AVANT',1),(2118,32,'A6 ALLROAD',1),(2119,32,'S6 AVANT',1),(2120,32,'S7',1),(2121,32,'TT ROADSTER',1),(2122,32,'TT RS',1),(2123,32,'TT RS ROADSTER',1),(2124,32,'TTS ROADSTER',1),(2125,32,'R8 SPYDER',1),(2126,32,'R8 GT',1),(2127,32,'R8 GT SPYDER',1),(2129,10,'F12',1),(2130,10,'458 SPIDER',1),(2131,10,'458 ITALIA',1),(2132,10,'FF',1),(2133,10,'599',1),(2134,10,'SA',1),(2135,10,'CHALLENGE',1),(2136,10,'SUPERAMERICA',1),(2137,10,'F430 SPIDER',1),(2138,10,'430',1),(2139,10,'612 SESSANTA',1),(2140,10,'599 GTB',1),(2141,10,'SCUDERIA SPIDER',1),(2142,10,'512',1),(2143,10,'456 GT',1),(2144,10,'348 GTS',1),(2145,10,'348 SPIDER',1),(2146,10,'F355',1),(2147,10,'F355 SPIDER',1),(2148,10,'F50',1),(2149,10,'355 SPIDER',1),(2150,10,'360 MODENA',1),(2151,111,'PAJERO FULL',1),(2152,111,'PAJERO DAKAR',1),(2153,111,'PAJERO TR4',1),(2154,111,'LANCER SPORTBACK',1),(2155,111,'LANCER EVOLUTION',1),(2156,111,'L200 TRITON SAVANA',1),(2157,111,'L200 TRITON',1),(2159,43,'LIVINA X-GEAR',1),(2160,43,'GRAND LIVINA',1),(2161,21,'NEW ACTYON SPORTS',1),(2162,23,'PRIUS',1),(2163,114,'SPORT',1),(2164,114,'MTS',1),(2165,114,'SPIDER',1),(2166,114,'KABRIO',1),(2167,114,'SAGA',1),(2168,114,'SAGA II',1),(2169,114,'787',1),(2170,114,'X11',1),(2171,295,'GAIOLA',1),(2172,7,'HERO',2),(2173,7,'NC 700X',2),(2174,135,'DRAG STAR',2),(2175,18,'NITRO',1),(2176,18,'CHALLENGER',1),(2177,18,'DART',1),(2178,18,'LE BARON',1),(2179,18,'CORDOBA',1),(2180,18,'CHARGER',1),(2181,19,'WINDSOR',1),(2183,19,'CROSSFIRE',1),(2184,19,'CORDOBA',1),(2185,155,'ESCALADE',1),(2186,41,'RIVIERA',1),(2187,41,'COUPE',1),(2188,41,'CENTURY',1),(2189,41,'APOLLO',1),(2190,41,'CENTURION',1),(2191,41,'EIGHT',1),(2192,41,'ELECTRA',1),(2193,41,'ESTATE WAGON',1),(2194,41,'GRAN SPORT',1),(2195,41,'GSX',1),(2196,41,'INVICTA',1),(2197,41,'LESABRE',1),(2198,41,'LIMITED',1),(2199,41,'PARK AVENUE',1),(2200,41,'RAINIER',1),(2201,41,'REATTA',1),(2202,41,'REGAL',1),(2203,41,'RENDEZVOUS',1),(2204,41,'ROADMASTER',1),(2205,41,'ROYAUM',1),(2206,41,'SKYHAWK',1),(2207,41,'SKYLARK',1),(2208,41,'SOMERSET',1),(2209,41,'SPECIAL',1),(2210,41,'SPORT WAGON',1),(2211,41,'SUPER',1),(2212,41,'TERRAZA',1),(2213,41,'WILDCAT',1),(2214,41,'LACROSSE',1),(2215,41,'ENCLAVE',1),(2217,41,'GL8',1),(2218,41,'HRV',1),(2219,41,'LUCERNE',1),(2220,170,'BAIO',2),(2221,170,'KDX',2),(2223,59,'B-KING GSX 1300',2),(2225,242,'113',3),(2227,281,'125 ZS',2),(2230,13,'SIERRA',1),(2231,51,'BROUGHAM',1),(2232,51,'CHAIRMAN',1),(2233,51,'DAMAS',1),(2234,51,'GENTRA',1),(2235,51,'MAEPSY',1),(2236,51,'ISTANA',1),(2237,51,'KALOS',1),(2238,51,'KORANDO',1),(2239,51,'LACETTI',1),(2240,51,'LEMANS',1),(2242,51,'MATIZ',1),(2243,51,'MUSSO',1),(2244,51,'NEXIA',1),(2245,51,'REZZO',1),(2246,51,'ROYALE PRINCE',1),(2247,51,'ROYALE SALON',1),(2248,51,'STATESMAN',1),(2249,51,'TOSCA',1),(2250,51,'WINSTORM',1),(2252,158,'RURAL',1),(2253,18,'D100',1),(2255,4,'1525',3),(2256,4,'2621',3),(2259,4,'170',1),(2261,18,'CUSTOM ROYAL',1),(2262,1,'CLUB COUPE',1),(2263,18,'MAGNUM',1),(2264,1,'GMC 100',1),(2265,69,'SOLSTICE',1),(2266,158,'ITAMARATY',1),(2267,86,'MARK V',1),(2268,124,'GT',1),(2269,145,'CHAMPION',1),(2270,3,'BALILLA',1),(2271,158,'INTERLAGOS',1),(2272,17,'X15',1),(2273,13,'F-85',1),(2274,70,'SPEEDSTER 356',1),(2275,88,'TOPIC FURGAO',1),(2276,88,'TOPIC ESCOLAR',1),(2279,4,'300D',1),(2280,4,'CLASSE TE',1),(2283,23,'T-100',1),(2285,178,'SR',2),(2286,194,'DY50',2),(2287,212,'NAKED',2),(2288,212,'RACER',2),(2289,212,'TEXAS',2),(2293,7,'CRF 110/150',2),(2294,24,'MEGANE SEDAN',1),(2295,32,'A4 CABRIOLET',1),(2297,3,'210',3),(2298,82,'LINHA G',1),(2299,82,'LINHA G COUPE',1),(2300,82,'LINHA G CONVERSIVEL',1),(2301,82,'LINHA M',1),(2302,82,'LINHA EX',1),(2303,82,'LINHA JX',1),(2304,82,'LINHA QX',1),(2305,86,'MODELOS XF',1),(2306,86,'F-TYPE',1),(2307,86,'MARK VII',1),(2308,86,'MARK VIII',1),(2309,86,'MARK IX',1),(2310,86,'MARK X',1),(2311,86,'E-TYPE',1),(2312,86,'C-TYPE',1),(2313,86,'D-TYPE',1),(2314,86,'MARK I',1),(2315,86,'MARK II',1),(2316,135,'XJ6',2),(2317,135,'LANDER XTZ 250',2),(2327,135,'ALBA',2),(2328,135,'FROG',2),(2329,135,'LIBERO',2),(2330,135,'GLADIATOR',2),(2331,135,'MEST',2),(2332,135,'ECCY',2),(2333,135,'PASSOL',2),(2334,135,'EC-02',2),(2335,135,'YZ 85LW',2),(2336,135,'V-STAR',2),(2338,135,'PAS',2),(2339,135,'AEROX',2),(2340,135,'MORPHOUS',2),(2341,135,'XF50X',2),(2343,135,'LAGEND',2),(2344,135,'TZR',2),(2345,135,'QT50',2),(2346,124,'GT4R',1),(2347,124,'SPYDER',1),(2348,124,'GTI',1),(2349,124,'AM1',1),(2350,124,'AM2',1),(2351,124,'AM3',1),(2352,124,'AM4',1),(2353,124,'AMV',1),(2354,242,'110',3),(2355,242,'LK-140',3),(2357,242,'L-80',3),(2358,242,'B-110',3),(2359,242,'BR-115',3),(2362,242,'B-111',3),(2363,242,'BR-116',3),(2364,242,'81',3),(2365,242,'82',3),(2366,242,'92',3),(2367,242,'142',3),(2370,242,'144',3),(2372,242,'L-71',3),(2373,242,'L-75',3),(2374,242,'L-76',3),(2375,242,'P-330',3),(2376,234,'SHARK',2),(2377,7,'ACTY',1),(2378,7,'AIRWAVE',1),(2379,7,'ASCOT',1),(2380,7,'BALLADE',1),(2381,7,'BEAT',1),(2382,7,'CR-X',1),(2383,7,'CONCERTO',1),(2384,7,'CR-Z',1),(2385,7,'DOMANI',1),(2386,7,'EDIX',1),(2387,7,'ELEMENT',1),(2388,7,'EV PLUS',1),(2389,7,'FCX',1),(2390,7,'FR-V',1),(2391,7,'FURY',2),(2392,7,'HR-V',1),(2393,7,'HSC',1),(2394,7,'INSIGHT',1),(2396,25,'TL',1),(2397,7,'LIFE DUNK',1),(2398,7,'LOGO',1),(2399,7,'MOBILIO',1),(2400,25,'MDX',1),(2401,7,'ORTHIA',1),(2402,7,'PARTNER VAN',1),(2403,7,'PILOT',1),(2404,7,'RIDGELINE',1),(2405,7,'S2000',1),(2406,7,'S600',1),(2407,7,'S500',1),(2408,7,'S800',1),(2409,7,'STEPWGN',1),(2410,7,'STREAM',1),(2411,7,'THATS',1),(2412,7,'VAMOZ',1),(2413,7,'Z',1),(2414,7,'ZEST',1),(2416,7,'STUNNER',2),(2417,7,'CB 50',2),(2419,7,'BOLDOR CB 900',2),(2420,7,'CBF 600',2),(2421,7,'CBR 400RR',2),(2423,7,'CBX 1000',2),(2424,7,'CD 125',2),(2425,7,'ML 125',2),(2426,7,'NSR 500',2),(2428,7,'RC',2),(2430,7,'PAN-EUROPEAN ST',2),(2432,7,'TURUNA 125',2),(2433,7,'VTR',2),(2436,7,'AFRICA TWIN XRV 750',2),(2437,297,'MZ 250',2),(2438,297,'KAPRA',2),(2439,297,'RALLYE',2),(2440,297,'PASSEIO',2),(2441,59,'AERIO',1),(2442,59,'ALTO',1),(2443,59,'APV',1),(2444,59,'KEI',1),(2445,59,'LAPIN',1),(2446,59,'MR WAGON',1),(2447,59,'XL-7',1),(2448,59,'VERONA',1),(2449,59,'BANDIT 400',2),(2450,59,'BANDIT 600',2),(2452,59,'BANDIT GSF 750',2),(2453,59,'BANDIT 1200',2),(2455,59,'HAYABUSA',2),(2456,59,'INTRUDER CUSTOM',2),(2457,59,'RV',2),(2458,59,'SV',2),(2459,59,'MARAUDER VZ',2),(2460,7,'CG CARGO/JOB',2),(2462,27,'EXPLORER',2),(2465,13,'F-750',3),(2466,4,'1625',3),(2467,170,'ELIMINATOR',2),(2468,170,'GTR',2),(2469,170,'KLE',2),(2470,170,'KLR',2),(2471,170,'SUPER SHERPA',2),(2472,170,'ZRX',2),(2473,170,'ZR',2),(2474,170,'NINJA 1400',2),(2475,135,'FS1',2),(2476,203,'HB-50',2),(2477,158,'JEEP CJ',1),(2478,4,'2013',3),(2479,22,'306 CABRIOLET',1),(2480,7,'PC 50',2),(2481,7,'CG 125',2),(2483,4,'312',3),(2484,57,'BELCAR',1),(2485,90,'M715',1),(2488,85,'80S',3),(2490,13,'F-6',3),(2491,7,'PACIFIC COAST',2),(2492,22,'407 SW',1),(2493,22,'307 CC',1),(2495,7,'CG TODAY',2),(2496,59,'GT',2),(2497,242,'490',3),(2499,1,'STYLELINE',1),(2500,13,'ANGLIA',1),(2501,135,'FZR1000',2),(2502,59,'GSI',2),(2503,213,'AMAZONAS',2),(2504,68,'180',3),(2506,4,'1622',3),(2507,4,'1524',3),(2508,26,'GT2',1),(2509,1,'YUKON',1),(2510,54,'SPORTSMAN',1),(2511,7,'CB 125',2),(2512,4,'1630',3),(2513,4,'1932',3),(2514,24,'21 NEVADA',1),(2515,11,'VEYRON',1),(2516,10,'ENZO',1),(2517,22,'306 SW',1),(2518,132,'PHOENIX 50',2),(2519,132,'INDIANAPOLIS 200',2),(2520,132,'F35/F40',2),(2521,132,'X2 250',2),(2522,132,'MAX 150',2),(2523,132,'NEW WAVE 125',2),(2524,132,'EXPLORER 150',2),(2525,135,'XS400',2),(2527,135,'RD 350 VIUVA NEGRA',2),(2528,28,'TI 80',1),(2530,132,'XY 250',2),(2531,4,'1316',3),(2532,70,'SPYDER 550',1),(2533,10,'380 GTB',1),(2534,149,'T-5',1),(2535,242,'133',3),(2536,18,'KINGSWAY',1),(2537,1,'SSR',1),(2538,1,'MATRA',3),(2539,4,'1111',3),(2540,1,'IMPALA',1),(2541,22,'208',1),(2542,1,'GRAND BLAZER',1),(2544,59,'JOB',2),(2545,299,'RED HUNTER',2),(2546,299,'W/NG',2),(2547,299,'M2F',2),(2548,299,'GOLDEN ARROW',2),(2549,1,'COE',3),(2550,13,'COE',3),(2551,3,'130',3),(2552,13,'F-8',3),(2554,59,'AE 50',2),(2555,53,'100 SERIES',1),(2558,53,'200 SERIES',1),(2559,53,'300 SERIES',1),(2561,53,'66',1),(2562,53,'700 SERIES',1),(2563,53,'AMAZON',1),(2564,53,'C303',1),(2566,53,'DUETT',1),(2567,53,'L3314',1),(2568,53,'OV 4',1),(2569,53,'P1800',1),(2570,53,'SUGGA',1),(2571,13,'TT',1),(2572,5,'ONCE',1),(2573,13,'DE LUXE',1),(2574,13,'CUSTOM',1),(2575,13,'T-BUCKET',1),(2576,17,'G15',1),(2577,2,'CONSTELLATION',3),(2578,2,'DELIVERY',3),(2579,2,'WORKER',3),(2588,111,'PAJERO FULL 3D',1),(2589,111,'PAJERO SPORT',1),(2590,36,'120 CABRIO',1),(2591,36,'320 TOURING',1),(2592,36,'330 CABRIO',1),(2593,36,'SERIE 5 TOURING',1),(2594,36,'SERIE 6 CABRIO',1),(2595,36,'SERIE M CONVERSIVEL',1),(2596,36,'M5 TOURING',1),(2597,36,'SERIE Z ROADSTER',1),(2599,13,'KA SPORT',1),(2600,2,'CC',1),(2601,4,'321',3),(2602,4,'1317',3),(2603,3,'180',3),(2605,16,'CERATO KOUP',1),(2607,1,'ASTRO',1),(2608,23,'COROLLA XRS',1),(2609,23,'ETIOS SEDAN',1),(2611,13,'FREESTYLE',1),(2612,110,'COUGAR',1),(2615,102,'XUV 500',1),(2616,102,'RODEO',2),(2617,102,'DURO',2),(2618,102,'XYLO',1),(2619,102,'BOLERO',1),(2620,102,'THAR',1),(2621,102,'AXE',1),(2622,102,'LEGEND',1),(2623,87,'CJ3',1),(2624,102,'ARMADA',1),(2625,102,'CHASSI',1),(2626,102,'SCORPIO PICK-UP',1),(2627,6,'STAR TRUCK',1),(2628,6,'STAR',1),(2629,6,'STAR VAN CARGO',1),(2630,6,'STAR VAN PASSAGEIROS',1),(2631,7,'DUTY',2),(2632,141,'ALVORADA',1),(2633,141,'CHAMBORD',1),(2637,141,'PROFISSIONAL',1),(2639,141,'VEDETTE',1),(2640,141,'ARONDE',1),(2641,141,'1200S',1),(2642,141,'1000',1),(2645,14,'HB20X',1),(2646,14,'HB20S',1),(2648,1,'MONZA',1),(2649,1,'CHEVETTE',1),(2650,98,'X60',1),(2651,1,'TRAX',1),(2652,36,'118',1),(2653,36,'120',1),(2654,36,'130',1),(2655,36,'BAVARIA',1),(2656,36,'C-2800',1),(2657,36,'318',1),(2658,36,'320',1),(2659,36,'318 CABRIO',1),(2660,36,'325 CABRIO',1),(2661,36,'530',1),(2662,36,'540',1),(2663,36,'550',1),(2664,36,'740',1),(2665,36,'750',1),(2666,36,'760',1),(2667,340,'150',2),(2668,341,'WAKE 500',2),(2669,341,'OUTCROSS',2),(2670,341,'JOY PLUS',2),(2671,341,'PASSION',2),(2672,341,'TREND',2),(2673,341,'PIT BULL',2),(2674,341,'BRUTTUS',2),(2675,341,'MATRIX 4X4',1),(2676,342,'UFO 50',2),(2677,342,'LF250ST',2),(2678,342,'FOX 150R',2),(2679,342,'LF400ST',2),(2680,342,'VR 150 WIND',2),(2681,342,'HERCULES 200',2),(2682,342,'ONIX 50R',2),(2683,342,'HS 150 FIRE',2),(2684,132,'JET 50',2),(2685,132,'RETRO 50',2),(2686,132,'NEW 50',2),(2687,132,'EAGLE 50',2),(2688,132,'SUPER SMART 50',2),(2689,132,'NEW 200',2),(2690,132,'CARGO 200',2),(2691,132,'BRAVO 200',2),(2692,132,'STRONG 250',2),(2693,132,'FUTURE 150',2),(2694,132,'A7',1),(2695,132,'A9',1),(2696,132,'A9 CARGO',1),(2697,132,'T20',1),(2698,132,'T20 BAU',1),(2699,132,'T22',1),(2700,343,'KN 150',2),(2701,343,'KN 125 S',2),(2702,343,'KN 50 S',2),(2703,209,'IZY 50',2),(2704,64,'SUPER 90 COUPE',1),(2705,17,'X20',1),(2706,17,'ITAIPU',1),(2707,17,'G800',1),(2708,17,'XEF',1),(2709,17,'MOTOMACHINE',1),(2710,17,'BUGATO',1),(2711,17,'QT',1),(2712,266,'ESCAVADEIRA',3),(2713,266,'MUNCK',3),(2714,266,'GUINCHO',3),(2715,266,'CARREGADEIRA',3),(2716,57,'CAICARA',1),(2717,57,'CARCARA',1),(2718,57,'FISSORE',1),(2719,57,'MALZONI',1),(2720,57,'VEMAGUET',1),(2721,7,'PCX',2),(2723,266,'MOTONIVELADORA',3),(2724,4,'2213',3),(2727,5,'C4 LOUNGE',1),(2728,108,'CX-7',1),(2729,147,'TR',1),(2730,147,'LUCENA',1),(2731,147,'SEVETSE',1),(2732,147,'RAGGE',1),(2733,53,'C70',1),(2734,53,'C30',1),(2735,53,'544',1),(2736,53,'S40',1),(2737,53,'S60',1),(2738,53,'S70',1),(2739,53,'S80',1),(2740,53,'V40',1),(2741,53,'V50',1),(2742,53,'V60',1),(2743,53,'V70',1),(2744,53,'S90',1),(2745,53,'XC60',1),(2746,53,'XC70',1),(2747,53,'XC90',1),(2748,53,'P1900',1),(2749,53,'PV36',1),(2750,53,'PV444',1),(2751,53,'PV544',1),(2752,53,'PV51',1),(2753,53,'PV654',1),(2754,53,'C50',1),(2755,4,'190',1),(2756,4,'CLASSE CLA',1),(2757,4,'CLASSE V',1),(2758,4,'VANEO',1),(2759,4,'CITAN',1),(2760,4,'VARIO',1),(2761,4,'CLASSE S CLASSICO',1),(2762,36,'AIRHEAD',2),(2763,36,'C1',2),(2764,36,'F650GS',2),(2765,36,'F650CS',2),(2766,36,'F800GS',2),(2767,36,'K75',2),(2768,36,'K100',2),(2769,36,'K1200R',2),(2770,36,'K1300R',2),(2771,36,'K1200GT',2),(2772,36,'K1300GT',2),(2773,36,'K1200GS',2),(2774,36,'K1200S',2),(2775,36,'R32',2),(2776,36,'R51/3',2),(2777,36,'R27',2),(2778,36,'R60',2),(2779,36,'R75',2),(2780,36,'R75/5',2),(2781,36,'R90S',2),(2782,36,'R1200C',2),(2783,36,'R1150GS',2),(2784,36,'R1200RT',2),(2809,15,'J3S',1),(2810,345,'PICK-UP',1),(2811,345,'VAN',1),(2812,204,'SPORTSTER',2),(2816,204,'TOURING STREET GLIDE',2),(2823,5,'C3 SOLARIS',1),(2824,5,'C3 XTR',1),(2825,5,'C4 SOLARIS',1),(2826,5,'C5 BREAK/TOURER',1),(2827,5,'XSARA BREAK',1),(2828,5,'XSARA VTS',1),(2829,5,'XANTIA BREAK',1),(2830,5,'XM BREAK',1),(2831,5,'C15',1),(2832,5,'NEMO',1),(2833,5,'VISA',1),(2834,5,'C1',1),(2835,5,'C2',1),(2836,5,'C3 PLURIEL',1),(2837,5,'DS4',1),(2838,5,'DS5',1),(2839,5,'JUMPY',1),(2840,5,'C-CROSSER',1),(2841,5,'C35',1),(2842,5,'C25',1),(2843,5,'CX',1),(2844,5,'CX BREAK',1),(2845,5,'AXEL',1),(2846,5,'DYANE',1),(2847,5,'GS/GSA',1),(2848,5,'GS/GSA BREAK',1),(2849,5,'MEHARI',1),(2850,5,'SAXO',1),(2851,5,'SM',1),(2852,5,'ELYSEE',1),(2853,24,'MASTER MINIBUS',1),(2854,47,'CELER',1),(2855,47,'CELER SEDAN',1),(2856,47,'CIELO SEDAN',1),(2857,32,'A1 SPORTBACK',1),(2858,32,'A1 QUATTRO',1),(2859,32,'A3 SPORTBACK',1),(2860,32,'RS4 AVANT',1),(2861,32,'A8L W12',1),(2862,32,'R8 V10',1),(2863,13,'RANGER CD',1),(2864,15,'T140',1),(2865,36,'X1',1),(2866,36,'X3',1),(2867,36,'X5',1),(2868,36,'X6',1),(2869,36,'840',1),(2870,36,'850',1),(2871,36,'645',1),(2872,36,'650',1),(2874,7,'FIT TWIST',1),(2876,346,'MP4',1),(2877,346,'F1',1),(2878,13,'MONDEO SW',1),(2879,13,'ESCORT SEDAN',1),(2880,13,'ESCORT CONVERSIVEL',1),(2881,108,'MX-6',1),(2884,1,'CORISCO',1),(2885,1,'CHEVELLE',1),(2886,13,'EXCURSION',1),(2887,2,'TOURAN',1),(2889,266,'TANQUE',3),(2890,13,'F-10000',1),(2891,22,'HOGGAR ESCAPADE',1),(2892,266,'POLIGUINDASTE',3),(2893,4,'1621',3),(2894,13,'F-8000',3),(2897,274,'24250',3),(2898,4,'1632',3),(2900,266,'PERFURATRIZ',3),(2901,13,'PHAETON',1),(2902,135,'XTZ 250 TENERE',2),(2903,135,'XT 225',2),(2904,135,'XT 660Z TENERE',2),(2905,135,'XT 1200Z SUPER TENERE',2),(2906,234,'MOBY 50',2),(2907,234,'JOTO 135',2),(2908,234,'MONTEZ 250',2),(2909,234,'DUNNA 600',2),(2910,234,'VICO',2),(2913,2,'TRANSPORTER',1),(2914,16,'GRAND BESTA',1),(2915,43,'200SX',1),(2916,43,'240SX',1),(2919,4,'180',3),(2920,4,'1517',3),(2921,19,'300M',1),(2922,19,'300C TOURING',1),(2923,135,'FAZER FZ6',2),(2924,135,'FAZER YS150',2),(2925,135,'FAZER FZ1',2),(2926,135,'YZF 600R',2),(2927,135,'YZF R6',2),(2928,13,'TORINO',1),(2929,1,'C-65',3),(2930,1,'D-11000',3),(2931,1,'VENTURE',1),(2932,1,'FLEETLINE',1),(2933,1,'FLEETMASTER',1),(2934,1,'DELUXE',1),(2936,13,'ESCORT XR3',1),(2937,1,'MASTER',1),(2938,120,'TORONADO',1),(2939,120,'SIX',1),(2940,120,'EIGHT',1),(2941,120,'DELUXE',1),(2942,120,'SERIES 60',1),(2943,120,'SERIES 70',1),(2944,120,'SERIES 80',1),(2945,120,'SERIES 90',1),(2946,120,'STARFIRE',1),(2947,120,'442',1),(2948,120,'CUTLASS',1),(2949,120,'CUTLASS SUPREME',1),(2950,120,'CUTLASS SALON',1),(2951,120,'CUTLASS CALAIS',1),(2952,120,'CUTLASS CIERA',1),(2953,120,'CUSTOM CRUISER',1),(2954,120,'VISTA CRUISER',1),(2955,120,'F-85',1),(2957,120,'FIRENZA',1),(2958,120,'ACHIEVA',1),(2959,120,'ALERO',1),(2960,120,'AURORA',1),(2961,120,'BRAVADA',1),(2962,120,'INTRIGUE',1),(2963,120,'SILHOUETTE',1),(2964,1,'D-65',3),(2965,7,'CRF 230/250',2),(2966,7,'CRF 450',2),(2968,7,'NX 650 DOMINATOR',2),(2969,7,'CR 250',2),(2970,7,'CR 125',2),(2971,53,'FL SERIES',3),(2972,123,'SUPERBIRD',1),(2973,123,'FURY',1),(2974,123,'SPECIAL',1),(2975,123,'PROWLER',1),(2976,123,'TRAIL DUSTER',1),(2977,123,'VOYAGER',1),(2978,123,'SCAMP',1),(2979,123,'ARROW',1),(2980,123,'PT50',1),(2981,123,'PT57',1),(2982,123,'PT81',1),(2983,123,'PT105',1),(2984,123,'PT125',1),(2985,123,'EXPRESS',1),(2986,123,'VOYAGER EXPRESSO',1),(2987,123,'NEON',1),(2988,123,'LASER',1),(2989,123,'CARAVELLE',1),(2990,123,'STATION WAGON',1),(2991,123,'MODEL Q',1),(2992,123,'MODEL P6',1),(2993,31,'DB9 COUPE',1),(2994,31,'DB9 VOLANTE',1),(2995,31,'VIRAGE COUPE',1),(2996,31,'RAPIDE S',1),(2997,31,'V12 VANTAGE',1),(2998,31,'V8 VANTAGE COUPE',1),(2999,31,'V8 VANTAGE ROADSTER',1),(3000,31,'V8 VANTAGE S COUPE',1),(3001,31,'V8 VANTAGE S ROADSTER',1),(3002,31,'VANQUISH COUPE',1),(3003,31,'VANQUISH VOLANTE',1),(3004,31,'V12 ZAGATO',1),(3005,31,'DB5',1),(3007,31,'DBS',1),(3008,31,'DBS VOLANTE',1),(3009,31,'CYGNET',1),(3010,31,'ONE-77',1),(3011,31,'DBR9',1),(3013,36,'M3',1),(3014,36,'M5',1),(3015,36,'M6',1),(3016,36,'X6 M',1),(3017,113,'CABRIO',1),(3018,113,'COUPE',1),(3019,113,'ROADSTER',1),(3020,113,'COUNTRYMAN',1),(3021,113,'PACEMAN',1),(3022,113,'JOHN COOPER WORKS',1),(3023,122,'ZONDA',1),(3024,8,'NEW XV',1),(3025,8,'IMPREZA WRX HATCH',1),(3026,8,'IMPREZA WRX STI HATCH',1),(3027,8,'IMPREZA WRX STI SEDAN',1),(3028,8,'IMPREZA WRX SEDAN',1),(3029,349,'HB',2),(3030,23,'ETIOS CROSS',1),(3031,12,'HURACAN',1),(3032,2,'UP',1),(3080,195,'EXPLORER',1),(3113,358,'OUTLANDER 400',2),(3114,358,'OUTLANDER 500',2),(3115,358,'OUTLANDER 650',2),(3116,358,'OUTLANDER 800R',2),(3117,358,'OUTLANDER MAX 400',2),(3118,358,'OUTLANDER MAX 500',2),(3119,358,'OUTLANDER MAX 650',2),(3120,358,'OUTLANDER MAX 800R',2),(3121,358,'OUTLANDER MAX LTD 800R',2),(3122,358,'RENEGADE 500',2),(3123,358,'RENEGADE 800R',2),(3124,358,'DS 250',2),(3125,358,'DS 450',2),(3126,358,'DS 90',2),(3127,358,'RT',2),(3128,358,'RS',2),(3129,170,'NINJA 1000',2),(3130,170,'NINJA 600',2),(3131,170,'NINJA 300',2),(3132,170,'NINJA 1100',2),(3133,170,'NINJA 900',2),(3134,170,'NINJA 700',2),(3135,170,'NINJA 1200',2),(3136,170,'Z1000',2),(3137,170,'Z750',2),(3138,170,'Z800',2),(3139,170,'VERSYS CITY',2),(3140,170,'VERSYS GRAND TOURER',2),(3141,170,'VERSYS TOURER',2),(3142,170,'VERSYS 1000',2),(3143,170,'KX 450/500',2),(3144,170,'KX 250',2),(3145,170,'KX 65/85',2),(3146,170,'KLX 400/450',2),(3147,170,'KLX 250/300',2),(3151,135,'TMAX',2),(3152,135,'YFM 700R',2),(3153,135,'GRIZZLY',2),(3166,344,'50 SX',2),(3167,344,'65 SX',2),(3168,344,'85 SX',2),(3169,344,'125 SX',2),(3170,344,'150 SX',2),(3171,344,'250 SX',2),(3172,344,'350 SX',2),(3173,344,'450 SX-F',2),(3174,344,'350 EXC',2),(3175,344,'500 EXC',2),(3176,344,'150 XC',2),(3177,344,'250 XC',2),(3178,344,'300 XC',2),(3180,344,'450 XC-F/W',2),(3181,344,'200 XC',2),(3183,344,'690 ENDURO R',2),(3184,344,'1190 ADVENTURE',2),(3185,344,'990 SM T',2),(3186,344,'990 ADVENTURE BAJA',2),(3187,344,'690 DUKE',2),(3188,344,'1190 RC8 R',2),(3189,359,'ACX 250F',2),(3190,359,'HOTZOO SPORT 90',2),(3191,359,'SPORTLANDER 150R',2),(3192,359,'SPORTLANDER 250XR',2),(3193,359,'SPORTLANDER 350ZX',2),(3194,359,'SPORTLANDER 450TR',2),(3195,359,'QUADRILANDER 300',2),(3196,359,'QUADRILANDER 400',2),(3197,359,'QUADRILANDER 600',2),(3198,359,'FRONTLANDER 500',2),(3199,359,'FRONTLANDER 800 EFI',2),(3201,344,'525 XC',2),(3202,344,'505 SX',2),(3203,344,'450 XC',2),(3204,344,'450 SX',2),(3205,132,'VENICE 50',2),(3206,132,'LIBERTY 50',2),(3207,132,'BIKE 50',2),(3208,132,'JET 125',2),(3209,132,'CUSTOM 250',2),(3210,132,'DISCOVER 250',2),(4362,171,'RZR 570',2),(4363,171,'RZR 800',2),(4364,171,'RZR 800 XC',2),(4365,171,'RZR S 800',2),(4366,171,'RZR 900',2),(4367,171,'RZR XP 1000',2),(4368,171,'RZR 4 800',2),(4369,171,'RZR 4 900',2),(4370,171,'RZR 4 1000',2),(4371,171,'RANGER 6X6',2),(4372,171,'RANGER 800',2),(4373,171,'RANGER DIESEL',2),(4374,171,'RANGER XP 900',2),(4375,171,'RANGER 400',2),(4376,171,'RANGER 570',2),(4377,171,'RANGER 800 MIDSIZE',2),(4378,171,'RANGER EV',2),(4379,171,'RANGER CREW 570',2),(4380,171,'RANGER CREW 800',2),(4381,171,'RANGER CREW DIESEL',2),(4382,171,'RANGER CREW 900',2),(4383,171,'SPORTSMAN 550 EPS',2),(4384,171,'SPORTSMAN 570',2),(4385,171,'SPORTSMAN 400 HO',2),(4386,171,'SPORTSMAN WV850 HO',2),(4387,171,'SPORTSMAN XP 850',2),(4388,171,'SPORTSMAN 800 EFI',2),(4389,171,'SPORTSMAN BIG BOSS 6X6 800',2),(4390,171,'SCRAMBLER XP 850 HO',2),(4391,171,'SCRAMBLER XP 1000 EPS',2),(4392,171,'SPORTSMAN TOURING 850',2),(4393,171,'SPORTSMAN TOURING 570',2),(4394,171,'SPORTSMAN TOURING 550',2),(4395,171,'SPORTSMAN X2 550',2),(4396,171,'PHOENIX 200',2),(4397,171,'RZR 170',2),(4398,171,'OUTLAW 90',2),(4399,171,'SPORTSMAN 90',2),(4400,171,'OUTLAW 50',2),(4401,171,'BRUTUS',2),(4402,483,'CROSS ROADS 8-BALL',2),(4403,483,'CROSS ROADS CLASSIC',2),(4404,483,'CROSS COUNTRY 8-BALL',2),(4405,483,'CROSS COUNTRY',2),(4406,483,'NESS CROSS COUNTRY',2),(4407,483,'VISION TOUR',2),(4408,483,'CROSS COUNTRY TOUR',2),(4409,483,'CROSS COUNTRY TOUR ANNIVERSARY',2),(4410,483,'VEGAS 8-BALL',2),(4411,483,'HIGH-BALL',2),(4412,483,'HAMMER 8-BALL',2),(4413,483,'BOARDWALK',2),(4414,483,'JACKPOT',2),(4415,483,'JUDGE',2),(4416,483,'ZACH NESS CROSS COUNTRY',2),(4417,483,'HARD-BALL',2),(4418,483,'NESS VISION',2),(4419,483,'CORY NESS CROSS COUNTRY TOUR',2),(4420,484,'CHIEF CLASSIC',2),(4421,484,'CHIEF VINTAGE',2),(4422,484,'CHIEFTAIN',2),(4459,98,'COOL STAR 125',2),(4460,98,'X3',2),(4461,98,'JOJO 110',2),(4462,98,'CC125',2),(4463,98,'CC150',2),(4464,98,'KP150F',2),(4465,98,'LF100',2),(4466,98,'PK125',2),(4467,98,'POWER KING',2),(4468,98,'CROSS',2),(4469,98,'GLOW 110S',2),(4470,98,'KP150',2),(4471,98,'POWER MAN 250',2),(4472,98,'HIKER',2),(4473,98,'IV',2),(4474,98,'STEED 250',2),(4475,98,'TRAVELLER',2),(4476,98,'TB125',2),(4477,98,'PK110F',2),(4478,98,'LF125',2),(4520,98,'LF125',2),(4914,532,'F2 PLUS',2),(4915,532,'SUPER F2',2),(4916,532,'SUPER F1',2),(4917,532,'SUPER F3',2),(4918,532,'BVX 125',2),(4919,532,'BVX 130 STREET',2),(4920,532,'BVX 150 S1',2),(4921,532,'TR 150 D6',2),(4922,532,'AX 200',2),(4923,532,'BVX 200',2),(4924,532,'BX 260',2),(4925,532,'BR 250 D1',2),(4926,532,'CARGO 260',2),(4928,133,'COMET GT 250',2),(4929,133,'COMET GT-R 250',2),(4930,135,'RD 50',2),(4931,135,'DT 50',2),(4932,135,'MT-01',2),(4933,135,'FZ-09',2),(4934,135,'MT-07',2),(4935,135,'FZR600',2),(4936,135,'FZR400',2),(4937,135,'FZR250',2),(4938,135,'XS500',2),(4939,135,'XS650',2),(4940,135,'XS750',2),(4941,135,'XS850',2),(4942,135,'XS1100',2),(4943,135,'SR500',2),(4944,135,'SRX 400',2),(4945,135,'SRX 600',2),(4946,135,'V-MAX 1680',2),(4947,135,'FJR1300',2),(4948,135,'XTZ 750 SUPER TENERE',2),(4949,135,'XT 600',2),(4950,135,'VIRAGO 400',2),(4951,135,'VIRAGO 535',2),(4952,135,'VIRAGO 750',2),(4953,135,'VIRAGO 1400',2),(4954,135,'XZ 550',2),(4955,135,'YZR 500',2),(4956,135,'WR 450F',2),(4957,135,'TZ 250',2),(4958,135,'YZ 125',2),(4959,135,'YZ 250',2),(4960,135,'YZ 450',2),(4961,135,'TX500',2),(4962,135,'XR 180',2),(4963,135,'TT 125',2),(4964,142,'FORTWO CABRIO',1),(4966,170,'ER-5',2),(4969,26,'GT',1),(4970,26,'GTL',1),(4971,26,'GTM',1),(4972,26,'C2',1),(4973,26,'CRX',1),(4974,26,'AC 2000',1),(4975,99,'AVIATOR',1),(4976,99,'BLACKWOOD',1),(4977,99,'CAPRI',1),(4978,99,'CONTINENTAL',1),(4979,99,'LS',1),(4980,99,'MARK',1),(4981,99,'MARK LT',1),(4982,99,'MKR',1),(4983,99,'MKS',1),(4984,99,'MKX',1),(4985,99,'MKZ',1),(4986,99,'NAVIGATOR',1),(4987,99,'PREMIERE',1),(4988,99,'TOWN CAR',1),(4989,99,'VERSAILLES',1),(4990,99,'ZEPHYR',1),(4991,1,'CLASSIC',1),(4992,21,'ACTYON',1),(4993,204,'CVO',2),(4994,185,'ALPINA',2),(4995,185,'APOLO',2),(4996,185,'NEVADA',2),(4997,185,'WINSTAR',2),(4998,185,'ELEKTRA',2),(4999,185,'TEXANA',2),(5000,185,'ALTINO',2),(5001,185,'AQUILA',2),(5002,185,'DAYSTAR ROUTIER',2),(5003,1,'MARAJO',1),(5004,1,'SUPREMA',1),(5005,2,'NEW BEETLE',1),(5006,2,'QUANTUM',1),(5007,2,'CROSSFOX',1),(5008,3,'MILLE',1),(5009,534,'GC2',1),(5010,534,'EC7',1),(5011,98,'530',1),(5012,3,'MOBI',1),(5013,3,'TORO',1),(5014,87,'RENEGADE',1),(5015,24,'DUSTER OROCH',1),(5016,24,'SANDERO RS',1),(5017,14,'HB20R',1),(5018,14,'GRAND SANTA FE',1),(5019,2,'GOLF VARIANT',1),(5020,2,'SPACE CROSS',1),(5021,22,'2008',1),(5022,16,'QUORIS',1),(5023,16,'GRAND CARNIVAL',1),(5024,15,'T8',1),(5025,15,'T6',1),(5026,15,'T5',1),(5027,13,'KA SEDAN',1),(5028,13,'FOCUS FASTBACK',1);
/*!40000 ALTER TABLE `modelo` ENABLE KEYS */;
UNLOCK TABLES;

--
-- Table structure for table `montadora`
--

DROP TABLE IF EXISTS `montadora`;
/*!40101 SET @saved_cs_client     = @@character_set_client */;
 SET character_set_client = utf8mb4 ;
CREATE TABLE `montadora` (
  `id` int(11) NOT NULL AUTO_INCREMENT,
  `nomeMontadora` varchar(25) NOT NULL,
  PRIMARY KEY (`id`),
  UNIQUE KEY `nomeMontadora` (`nomeMontadora`)
) ENGINE=InnoDB AUTO_INCREMENT=547 DEFAULT CHARSET=utf8;
/*!40101 SET character_set_client = @saved_cs_client */;

--
-- Dumping data for table `montadora`
--

LOCK TABLES `montadora` WRITE;
/*!40000 ALTER TABLE `montadora` DISABLE KEYS */;
INSERT INTO `montadora` VALUES (359,'ACELLERA'),(25,'ACURA'),(26,'ADAMO'),(176,'ADLY'),(27,'AGRALE'),(28,'ALFA ROMEO'),(156,'AM GEN'),(177,'AMAZONAS'),(29,'AMERICAR'),(178,'APRILIA'),(299,'ARIEL'),(31,'ASTON MARTIN'),(179,'ATALA'),(32,'AUDI'),(180,'BAJAJ'),(34,'BEACH'),(181,'BENELLI'),(20,'BENTLEY'),(182,'BETA'),(35,'BIANCO'),(183,'BIMOTA'),(282,'BIRELLI'),(36,'BMW'),(37,'BORGWARD'),(184,'BRANDY'),(185,'BRAVA'),(532,'BRAVAX'),(38,'BRILLIANCE'),(186,'BRP'),(187,'BUELL'),(188,'BUENO'),(11,'BUGATTI'),(157,'BUGGY'),(41,'BUICK'),(349,'BULL'),(155,'CADILLAC'),(190,'CAGIVA'),(358,'CAN-AM'),(42,'CBT'),(44,'CHAMONIX'),(6,'CHANA'),(46,'CHEDA'),(47,'CHERY'),(1,'CHEVROLET'),(19,'CHRYSLER'),(5,'CITROEN'),(48,'CORD'),(49,'COYOTE'),(50,'CROSS LANDER'),(192,'DAELIM'),(51,'DAEWOO'),(193,'DAFRA'),(52,'DAIHATSU'),(194,'DAYANG'),(195,'DAYUN'),(54,'DE SOTO'),(56,'DELOREAN'),(196,'DERBI'),(55,'DETOMAZO'),(341,'DITALLY'),(57,'DKW-VEMAG'),(18,'DODGE'),(340,'DUCAR'),(197,'DUCATI'),(60,'EAGLE'),(61,'EFFA'),(198,'EMME'),(63,'ENGESA'),(64,'ENVEMO'),(65,'FARUS'),(297,'FBM'),(66,'FERCAR'),(10,'FERRARI'),(3,'FIAT'),(68,'FNM'),(13,'FORD'),(200,'FYM'),(295,'GAIOLA'),(533,'GARELLI'),(136,'GARINNI'),(245,'GARRA'),(201,'GAS GAS'),(534,'GEELY'),(72,'GEO'),(74,'GRANCAR'),(75,'GREAT WALL'),(202,'GREEN'),(285,'GUERRA'),(17,'GURGEL'),(76,'HAFEI'),(258,'HANOMAG'),(203,'HAOBAO'),(204,'HARLEY-DAVIDSON'),(205,'HARTFORD'),(206,'HERO'),(265,'HILLMAN'),(78,'HOFSTETTER'),(7,'HONDA'),(288,'HRG'),(79,'HUDSON'),(80,'HUMMER'),(207,'HUSABERG'),(208,'HUSQVARNA'),(14,'HYUNDAI'),(484,'INDIAN'),(82,'INFINITI'),(83,'INTERNATIONAL'),(209,'IROS'),(84,'ISUZU'),(85,'IVECO'),(15,'JAC'),(86,'JAGUAR'),(348,'JAWA'),(87,'JEEP'),(210,'JIAPENG VOLCANO'),(88,'JINBEI'),(211,'JOHNNYPAG'),(212,'JONNY'),(89,'JPX'),(213,'KAHENA'),(90,'KAISER'),(239,'KARMANN GHIA'),(254,'KART'),(161,'KASEA'),(133,'KASINSKI'),(170,'KAWASAKI'),(16,'KIA'),(214,'KIMCO'),(91,'KOENIGSEGG'),(344,'KTM'),(94,'LADA'),(12,'LAMBORGHINI'),(253,'LAMBRETA'),(95,'LANCIA'),(96,'LAND ROVER'),(216,'LANDUM'),(215,'LAQUILA'),(93,'LAUTOCRAFT'),(92,'LAUTOMOBILE'),(217,'LAVRALE'),(347,'LEOPARD'),(218,'LERIVO'),(97,'LEXUS'),(98,'LIFAN'),(99,'LINCOLN'),(100,'LOBINI'),(219,'LON-V'),(101,'LOTUS'),(102,'MAHINDRA'),(221,'MALAGUTI'),(274,'MAN'),(342,'MARVA'),(104,'MASERATI'),(106,'MATRA'),(107,'MAYBACH'),(108,'MAZDA'),(346,'MCLAREN'),(109,'MENON'),(4,'MERCEDES-BENZ'),(110,'MERCURY'),(112,'MG'),(292,'MICHIGAN'),(113,'MINI'),(111,'MITSUBISHI'),(114,'MIURA'),(222,'MIZA'),(191,'MOBILETE'),(115,'MORRIS'),(223,'MOTO GUZZI'),(270,'MOTOR-HOME'),(116,'MP LAFER'),(117,'MPLM'),(224,'MRX'),(225,'MV AUGUSTA'),(226,'MVK'),(275,'NAVISTAR'),(118,'NEWTRACK'),(43,'NISSAN'),(119,'NISSIN'),(120,'OLDSMOBILE'),(263,'ONIBUS'),(227,'ORCA'),(261,'OUTROS'),(121,'PAG'),(122,'PAGANI'),(228,'PEGASSI'),(22,'PEUGEOT'),(229,'PIAGGIO'),(123,'PLYMOUTH'),(171,'POLARIS'),(69,'PONTIAC'),(70,'PORSCHE'),(124,'PUMA'),(167,'RANDON'),(230,'REGAL RAPTOR'),(345,'RELY'),(24,'RENAULT'),(125,'RENO'),(126,'REVA-I'),(127,'ROLLS-ROYCE'),(129,'ROMI'),(137,'SAAB'),(231,'SANYANG'),(162,'SATURN'),(242,'SCANIA'),(284,'SCHIFFER'),(269,'SCOOTER'),(130,'SEAT'),(132,'SHINERAY'),(139,'SHORT'),(232,'SIAMOTO'),(141,'SIMCA'),(277,'SINOTRUK'),(175,'SKODA'),(142,'SMART'),(143,'SPYKER'),(21,'SSANGYONG'),(144,'STANDARD'),(145,'STUDEBAKER'),(8,'SUBARU'),(140,'SUNDOWN'),(59,'SUZUKI'),(163,'SWELL MINI'),(146,'TAC'),(147,'TANGER'),(233,'TARGOS'),(338,'TATA'),(23,'TOYOTA'),(164,'TRAILER'),(234,'TRAXX'),(220,'TRICICLO'),(248,'TRICKER'),(148,'TRIUMPH'),(149,'TROLLER'),(150,'UNIMOG'),(131,'UTILITARIOS AGRICOLAS'),(266,'UTILITARIOS PESADOS'),(235,'VENTO'),(483,'VICTORY'),(2,'VOLKSWAGEN'),(53,'VOLVO'),(294,'WALK MACHINE'),(154,'WIESMANN'),(158,'WILLYS OVERLAND'),(343,'WOLVER'),(236,'WUYANG'),(246,'X MOTOS'),(135,'YAMAHA'),(281,'ZONGSHEN');
/*!40000 ALTER TABLE `montadora` ENABLE KEYS */;
UNLOCK TABLES;

--
-- Table structure for table `notafiscal`
--

DROP TABLE IF EXISTS `notafiscal`;
/*!40101 SET @saved_cs_client     = @@character_set_client */;
 SET character_set_client = utf8mb4 ;
CREATE TABLE `notafiscal` (
  `id` int(11) NOT NULL AUTO_INCREMENT,
  `funcionario_id` int(11) NOT NULL,
  `cliente_id` int(11) NOT NULL,
  `veiculo_id` int(11) NOT NULL,
  `formaPagamento_id` int(11) NOT NULL,
  `dataEmissao` datetime NOT NULL,
  `icms` float(11,2),
  `acrescimoDesconto` float(11,2) NOT NULL,
  `valorInicial` float(11,2) NOT NULL,
  `valorFinal` float(11,2) NOT NULL,
  `status` tinyint(1) NOT NULL,
  PRIMARY KEY (`id`),
  KEY `fk_notafiscalfuncionario` (`funcionario_id`),
  KEY `fk_notafiscalformapagamento` (`formaPagamento_id`),
  KEY `fk_notafiscalcliente` (`cliente_id`),
  KEY `fk_notafiscalveiculo` (`veiculo_id`),
  CONSTRAINT `FK_notafiscal_funcionario` FOREIGN KEY (`funcionario_id`) REFERENCES `funcionario` (`id`),
  CONSTRAINT `fk_notafiscalcliente` FOREIGN KEY (`cliente_id`) REFERENCES `cliente` (`id`),
  CONSTRAINT `fk_notafiscalformapagamento` FOREIGN KEY (`formaPagamento_id`) REFERENCES `formapagamento` (`id`),
  CONSTRAINT `fk_notafiscalveiculo` FOREIGN KEY (`veiculo_id`) REFERENCES `veiculo` (`id`)
) ENGINE=InnoDB AUTO_INCREMENT=5 DEFAULT CHARSET=utf8;
/*!40101 SET character_set_client = @saved_cs_client */;

--
-- Dumping data for table `notafiscal`
--

LOCK TABLES `notafiscal` WRITE;
/*!40000 ALTER TABLE `notafiscal` DISABLE KEYS */;
INSERT INTO `notafiscal` VALUES (1,1,1,3,2,'2019-06-21 03:56:18',2131.92,1234.00,19000.00,17766.00,1),(2,2,2,2,1,'2019-06-21 03:52:42',3785.88,3451.00,35000.00,31549.00,0),(3,1,1,3,2,'2019-06-26 02:59:53',2131.92,23232.00,19000.00,17766.00,0),(4,2,2,9,2,'2019-06-26 03:12:14',2306.64,1222.00,18000.00,19222.00,0);
/*!40000 ALTER TABLE `notafiscal` ENABLE KEYS */;
UNLOCK TABLES;

--
-- Table structure for table `setor`
--

DROP TABLE IF EXISTS `setor`;
/*!40101 SET @saved_cs_client     = @@character_set_client */;
 SET character_set_client = utf8mb4 ;
CREATE TABLE `setor` (
  `id` int(11) NOT NULL AUTO_INCREMENT,
  `nomeSetor` varchar(20) NOT NULL,
  PRIMARY KEY (`id`)
) ENGINE=InnoDB AUTO_INCREMENT=7 DEFAULT CHARSET=utf8;
/*!40101 SET character_set_client = @saved_cs_client */;

--
-- Dumping data for table `setor`
--

LOCK TABLES `setor` WRITE;
/*!40000 ALTER TABLE `setor` DISABLE KEYS */;
INSERT INTO `setor` VALUES (1,'Vendas'),(2,'Administrativo'),(3,'Financeiro'),(4,'Gerência');
/*!40000 ALTER TABLE `setor` ENABLE KEYS */;
UNLOCK TABLES;

--
-- Table structure for table `usuario`
--

DROP TABLE IF EXISTS `usuario`;
/*!40101 SET @saved_cs_client     = @@character_set_client */;
 SET character_set_client = utf8mb4 ;
CREATE TABLE `usuario` (
  `id` int(11) NOT NULL AUTO_INCREMENT,
  `email` varchar(50) NOT NULL,
  `senha` varchar(50) NOT NULL,
  PRIMARY KEY (`id`),
  UNIQUE KEY `email` (`email`)
) ENGINE=InnoDB AUTO_INCREMENT=9 DEFAULT CHARSET=utf8;
/*!40101 SET character_set_client = @saved_cs_client */;

--
-- Dumping data for table `usuario`
--

LOCK TABLES `usuario` WRITE;
/*!40000 ALTER TABLE `usuario` DISABLE KEYS */;
INSERT INTO `usuario` VALUES (1,'paulodir@email.com','aeae908eed5f404edc1a1187f098b81e3abb1e9a'),(2,'paulodir.oliveira@aluno.sc.senac.br','aeae908eed5f404edc1a1187f098b81e3abb1e9a'),(8,'paulodir@gmail.com','aeae908eed5f404edc1a1187f098b81e3abb1e9a');
/*!40000 ALTER TABLE `usuario` ENABLE KEYS */;
UNLOCK TABLES;

--
-- Table structure for table `veiculo`
--

DROP TABLE IF EXISTS `veiculo`;
/*!40101 SET @saved_cs_client     = @@character_set_client */;
 SET character_set_client = utf8mb4 ;
CREATE TABLE `veiculo` (
  `id` int(11) NOT NULL AUTO_INCREMENT,
  `modelo_id` int(11) NOT NULL,
  `image` text NOT NULL,
  `ano` int(4) NOT NULL,
  `cor` varchar(45) NOT NULL,
  `placa` varchar(8) DEFAULT NULL,
  `renavam` varchar(11) DEFAULT NULL,
  `valorVeiculo` float(11,2) NOT NULL,
  PRIMARY KEY (`id`),
  UNIQUE KEY `renavam` (`renavam`),
  UNIQUE KEY `placa` (`placa`),
  KEY `fk_veiculomodelo` (`modelo_id`),
  CONSTRAINT `fk_veiculomodelo` FOREIGN KEY (`modelo_id`) REFERENCES `modelo` (`id`)
) ENGINE=InnoDB AUTO_INCREMENT=13 DEFAULT CHARSET=utf8;
/*!40101 SET character_set_client = @saved_cs_client */;

--
-- Dumping data for table `veiculo`
--

LOCK TABLES `veiculo` WRITE;
/*!40000 ALTER TABLE `veiculo` DISABLE KEYS */;
INSERT INTO `veiculo` VALUES (1,709,'',1975,'Preto','AAA-1111','12132131321',2500.00),(2,585,'',2005,'Vermelha','BBB-1111','55765765477',35000.00),(3,219,'',2008,'Preto','CCC-1111','121344334',19000.00),(4,2117,'',2010,'Prata','DDD-1111','8653636',31000.00),(5,384,'',2005,'Amarelo','EEE-1111','99557288248',1350000.00),(7,754,'',2005,'Azul','FFF-1111','59486989749',3500.00),(8,3131,'',1995,'Cinza','GGG-111','88888888888',25000.00),(9,241,'',2005,'Azul','HHH-1111','44444444444',18000.00),(10,2348,'',1980,'Vermelho','JJJ-1111','99557284542',12000.00),(11,381,'',1993,'Verde','KKK-1111','89359843758',11000.00),(12,111,'',2010,'Verde Escuro','LLL-1111','23423675676',33000.00);
/*!40000 ALTER TABLE `veiculo` ENABLE KEYS */;
UNLOCK TABLES;

--
-- Table structure for table `veiculoacessorio`
--

DROP TABLE IF EXISTS `veiculoacessorio`;
/*!40101 SET @saved_cs_client     = @@character_set_client */;
 SET character_set_client = utf8mb4 ;
CREATE TABLE `veiculoacessorio` (
  `id` int(11) NOT NULL AUTO_INCREMENT,
  `acessorio_id` int(11) NOT NULL,
  `veiculo_id` int(11) NOT NULL,
  PRIMARY KEY (`id`),
  KEY `fk_veiculoacessorioacessorio` (`acessorio_id`),
  KEY `fk_veiculoacessorioveiculo` (`veiculo_id`),
  CONSTRAINT `fk_veiculoacessorioacessorio` FOREIGN KEY (`acessorio_id`) REFERENCES `acessorio` (`id`),
  CONSTRAINT `fk_veiculoacessorioveiculo` FOREIGN KEY (`veiculo_id`) REFERENCES `veiculo` (`id`)
) ENGINE=InnoDB AUTO_INCREMENT=51 DEFAULT CHARSET=utf8;
/*!40101 SET character_set_client = @saved_cs_client */;

--
-- Dumping data for table `veiculoacessorio`
--

LOCK TABLES `veiculoacessorio` WRITE;
/*!40000 ALTER TABLE `veiculoacessorio` DISABLE KEYS */;
INSERT INTO `veiculoacessorio` VALUES (5,29,2),(6,13,2),(7,26,2),(8,4,2),(9,4,3),(10,8,3),(11,12,3),(12,10,3),(13,28,3),(14,2,4),(15,3,4),(16,26,4),(17,28,4),(18,4,5),(19,13,5),(20,26,5),(21,28,5),(36,23,1),(38,8,9),(39,28,9),(40,2,9),(41,19,2),(42,5,10),(43,1,10),(44,13,10),(45,28,10),(46,16,10),(47,2,11),(48,26,11),(49,30,11),(50,19,4);
/*!40000 ALTER TABLE `veiculoacessorio` ENABLE KEYS */;
UNLOCK TABLES;
/*!40103 SET TIME_ZONE=@OLD_TIME_ZONE */;

/*!40101 SET SQL_MODE=@OLD_SQL_MODE */;
/*!40014 SET FOREIGN_KEY_CHECKS=@OLD_FOREIGN_KEY_CHECKS */;
/*!40014 SET UNIQUE_CHECKS=@OLD_UNIQUE_CHECKS */;
/*!40101 SET CHARACTER_SET_CLIENT=@OLD_CHARACTER_SET_CLIENT */;
/*!40101 SET CHARACTER_SET_RESULTS=@OLD_CHARACTER_SET_RESULTS */;
/*!40101 SET COLLATION_CONNECTION=@OLD_COLLATION_CONNECTION */;
/*!40111 SET SQL_NOTES=@OLD_SQL_NOTES */;

-- Dump completed on 2019-06-27 23:41:45
